gl,searchTerms,rank,title,snippet,displayLink,link,queryTime,totalResults,count,cseName,cx,formattedSearchTime,formattedTotalResults,formattedUrl,htmlFormattedUrl,htmlSnippet,htmlTitle,inputEncoding,kind,outputEncoding,pagemap,safe,searchTime,startIndex,cse_thumbnail,metatags,cse_image,xfn,SocialMediaPosting,organization,viewport,metatag_title,format-detection,facebook-domain-verification,og:image,theme-color,og:type,al:ios:app_name,og:title,al:android:package,bingbot,al:ios:url,color-scheme,og:description,al:ios:app_store_id,al:android:url,apple-mobile-web-app-status-bar-style,mobile-web-app-capable,og:url,al:android:app_name,apple-itunes-app,twitter:card,twitter:image,twitter:image:alt,twitter:site,og:image:alt,twitter:title,google,referrer,twitter:description,og:locale,fb-version,og:site_name,v-id,apple-mobile-web-app-title,og:site-name,twitter:url,pagekey,locale,lnkd:url,og:image:width,og:image:height,shopify-checkout-api-token,og:image:secure_url,shopify-digital-wallet,copyright,twitter:domain,fb:app_id,apple-mobile-web-app-capable
pk,sana safinaz,1,Sana Safinaz,sanasafinaz. Search. Search. Search. Track Order. Select Country. Pakistan; Europe ... Sanasafinaz UAN PAKISTAN: 021-111-003-005 or 021-36105426; UANÂ ...,www.sanasafinaz.com,https://www.sanasafinaz.com/,2024-06-26 21:24:17.690722+00:00,3420000,10,aiseoapp,65ad0787cb9c54f76,0.16,"3,420,000",https://www.sanasafinaz.com/,https://www.<b>sanasafinaz</b>.com/,<b>sanasafinaz</b>. Search. Search. Search. Track Order. Select Country. Pakistan; Europe ... <b>Sanasafinaz</b> UAN PAKISTAN: 021-111-003-005 or 021-36105426; UAN&nbsp;...,<b>Sana Safinaz</b>,utf8,customsearch#result,utf8,"{'cse_thumbnail': [{'src': 'https://encrypted-tbn0.gstatic.com/images?q=tbn:ANd9GcSWsOn5fYPt5taC591-3ycUlTv6b4uC76Ei49mVXNquq6IiByshcla5K0k&s', 'width': '546', 'height': '92'}], 'metatags': [{'viewport': 'width=device-width, initial-scale=1, maximum-scale=1.0, user-scalable=no', 'title': 'Select Country', 'format-detection': 'telephone=no', 'facebook-domain-verification': '1df8ywuj73wsits2sz6ivgmmnq8hqn'}], 'cse_image': [{'src': 'https://www.sanasafinaz.com/static/version1718044117/frontend/RLTSquare/SanaSafinaz/en_US/images/S-SBlack.png'}]}",off,0.161413,1,"[{'src': 'https://encrypted-tbn0.gstatic.com/images?q=tbn:ANd9GcSWsOn5fYPt5taC591-3ycUlTv6b4uC76Ei49mVXNquq6IiByshcla5K0k&s', 'width': '546', 'height': '92'}]","[{'viewport': 'width=device-width, initial-scale=1, maximum-scale=1.0, user-scalable=no', 'title': 'Select Country', 'format-detection': 'telephone=no', 'facebook-domain-verification': '1df8ywuj73wsits2sz6ivgmmnq8hqn'}]",[{'src': 'https://www.sanasafinaz.com/static/version1718044117/frontend/RLTSquare/SanaSafinaz/en_US/images/S-SBlack.png'}],,,,"width=device-width, initial-scale=1, maximum-scale=1.0, user-scalable=no",Select Country,telephone=no,1df8ywuj73wsits2sz6ivgmmnq8hqn,,,,,,,,,,,,,,,,,,,,,,,,,,,,,,,,,,,,,,,,,,,,,
pk,sana safinaz,2,Sana Safinaz (@sanasafinazofficial) â€¢ Instagram photos and videos,"UAN / WhatsApp: +92-21-111-003-005 ... Photo by Sana Safinaz on June 26, 2024. May be an image of 1. Summer Sale is live FLAT 30% & 50% OFF on your favoritesÂ ...",www.instagram.com,https://www.instagram.com/sanasafinazofficial/?hl=en,2024-06-26 21:24:17.690722+00:00,3420000,10,aiseoapp,65ad0787cb9c54f76,0.16,"3,420,000",https://www.instagram.com/sanasafinazofficial/?hl=en,https://www.instagram.com/<b>sanasafinaz</b>official/?hl=en,"UAN / WhatsApp: +92-21-111-003-005 ... Photo by <b>Sana Safinaz</b> on June 26, 2024. May be an image of 1. Summer Sale is live FLAT 30% &amp; 50% OFF on your favorites&nbsp;...",<b>Sana Safinaz</b> (@sanasafinazofficial) â€¢ Instagram photos and videos,utf8,customsearch#result,utf8,"{'cse_thumbnail': [{'src': 'https://encrypted-tbn0.gstatic.com/images?q=tbn:ANd9GcTNckgIjpRiMkgoeAJqERevphVqykQo-OMNG_UnQb7DOGfCJnozTFoL7hk&s', 'width': '225', 'height': '225'}], 'xfn': [{}], 'metatags': [{'og:image': 'https://scontent-dfw5-2.cdninstagram.com/v/t51.2885-19/100640737_546291056082327_6042844403641352192_n.jpg?stp=dst-jpg_s100x100&_nc_cat=1&ccb=1-7&_nc_sid=3fd06f&_nc_ohc=QmU4vH38274Q7kNvgFxN5gX&_nc_ht=scontent-dfw5-2.cdninstagram.com&oh=00_AYD52oUt7TmoQJY16BjFwZqWIcaY7BwdQavrB4qWugsEmg&oe=6681C415', 'theme-color': '#ffffff', 'og:type': 'profile', 'al:ios:app_name': 'Instagram', 'og:title': 'Sana Safinaz (@sanasafinazofficial) â€¢ Instagram photos and videos', 'al:android:package': 'com.instagram.android', 'bingbot': 'noarchive', 'al:ios:url': 'instagram://user?username=sanasafinazofficial', 'color-scheme': 'light', 'og:description': '3M Followers, 5 Following, 19K Posts - See Instagram photos and videos from Sana Safinaz (@sanasafinazofficial)', 'al:ios:app_store_id': '389801252', 'al:android:url': 'https://instagram.com/_u/sanasafinazofficial/', 'apple-mobile-web-app-status-bar-style': 'default', 'viewport': 'width=device-width, initial-scale=1, minimum-scale=1, maximum-scale=1, viewport-fit=cover', 'mobile-web-app-capable': 'yes', 'og:url': 'https://www.instagram.com/sanasafinazofficial/', 'al:android:app_name': 'Instagram'}], 'cse_image': [{'src': 'https://lookaside.instagram.com/seo/google_widget/crawler/?media_id=3397465808005546392'}]}",off,0.161413,1,"[{'src': 'https://encrypted-tbn0.gstatic.com/images?q=tbn:ANd9GcTNckgIjpRiMkgoeAJqERevphVqykQo-OMNG_UnQb7DOGfCJnozTFoL7hk&s', 'width': '225', 'height': '225'}]","[{'og:image': 'https://scontent-dfw5-2.cdninstagram.com/v/t51.2885-19/100640737_546291056082327_6042844403641352192_n.jpg?stp=dst-jpg_s100x100&_nc_cat=1&ccb=1-7&_nc_sid=3fd06f&_nc_ohc=QmU4vH38274Q7kNvgFxN5gX&_nc_ht=scontent-dfw5-2.cdninstagram.com&oh=00_AYD52oUt7TmoQJY16BjFwZqWIcaY7BwdQavrB4qWugsEmg&oe=6681C415', 'theme-color': '#ffffff', 'og:type': 'profile', 'al:ios:app_name': 'Instagram', 'og:title': 'Sana Safinaz (@sanasafinazofficial) â€¢ Instagram photos and videos', 'al:android:package': 'com.instagram.android', 'bingbot': 'noarchive', 'al:ios:url': 'instagram://user?username=sanasafinazofficial', 'color-scheme': 'light', 'og:description': '3M Followers, 5 Following, 19K Posts - See Instagram photos and videos from Sana Safinaz (@sanasafinazofficial)', 'al:ios:app_store_id': '389801252', 'al:android:url': 'https://instagram.com/_u/sanasafinazofficial/', 'apple-mobile-web-app-status-bar-style': 'default', 'viewport': 'width=device-width, initial-scale=1, minimum-scale=1, maximum-scale=1, viewport-fit=cover', 'mobile-web-app-capable': 'yes', 'og:url': 'https://www.instagram.com/sanasafinazofficial/', 'al:android:app_name': 'Instagram'}]",[{'src': 'https://lookaside.instagram.com/seo/google_widget/crawler/?media_id=3397465808005546392'}],[{}],,,"width=device-width, initial-scale=1, minimum-scale=1, maximum-scale=1, viewport-fit=cover",,,,https://scontent-dfw5-2.cdninstagram.com/v/t51.2885-19/100640737_546291056082327_6042844403641352192_n.jpg?stp=dst-jpg_s100x100&_nc_cat=1&ccb=1-7&_nc_sid=3fd06f&_nc_ohc=QmU4vH38274Q7kNvgFxN5gX&_nc_ht=scontent-dfw5-2.cdninstagram.com&oh=00_AYD52oUt7TmoQJY16BjFwZqWIcaY7BwdQavrB4qWugsEmg&oe=6681C415,#ffffff,profile,Instagram,Sana Safinaz (@sanasafinazofficial) â€¢ Instagram photos and videos,com.instagram.android,noarchive,instagram://user?username=sanasafinazofficial,light,"3M Followers, 5 Following, 19K Posts - See Instagram photos and videos from Sana Safinaz (@sanasafinazofficial)",389801252,https://instagram.com/_u/sanasafinazofficial/,default,yes,https://www.instagram.com/sanasafinazofficial/,Instagram,,,,,,,,,,,,,,,,,,,,,,,,,,,,,
pk,sana safinaz,3,Sana Safinaz Online Store,Welcome to Sana Safinaz Online Store!,www.sanasafinaz.com,https://www.sanasafinaz.com/pk/,2024-06-26 21:24:17.690722+00:00,3420000,10,aiseoapp,65ad0787cb9c54f76,0.16,"3,420,000",https://www.sanasafinaz.com/pk/,https://www.<b>sanasafinaz</b>.com/pk/,Welcome to <b>Sana Safinaz</b> Online Store!,<b>Sana Safinaz</b> Online Store,utf8,customsearch#result,utf8,"{'cse_thumbnail': [{'src': 'https://encrypted-tbn0.gstatic.com/images?q=tbn:ANd9GcSScalD_qEKS2LCaD1Sp0aK-8cyTEzxF8yUva7TBmXd_q1s0jNul-hMIuw&s', 'width': '546', 'height': '92'}], 'metatags': [{'viewport': 'width=device-width, initial-scale=1, maximum-scale=1.0, user-scalable=no', 'title': 'Sana Safinaz Online Store', 'format-detection': 'telephone=no', 'facebook-domain-verification': '1df8ywuj73wsits2sz6ivgmmnq8hqn'}], 'cse_image': [{'src': 'https://www.sanasafinaz.com/static/version1719354004/frontend/RLTSquare/SanaSafinaz/en_US/images/S-SBlack.png'}]}",off,0.161413,1,"[{'src': 'https://encrypted-tbn0.gstatic.com/images?q=tbn:ANd9GcSScalD_qEKS2LCaD1Sp0aK-8cyTEzxF8yUva7TBmXd_q1s0jNul-hMIuw&s', 'width': '546', 'height': '92'}]","[{'viewport': 'width=device-width, initial-scale=1, maximum-scale=1.0, user-scalable=no', 'title': 'Sana Safinaz Online Store', 'format-detection': 'telephone=no', 'facebook-domain-verification': '1df8ywuj73wsits2sz6ivgmmnq8hqn'}]",[{'src': 'https://www.sanasafinaz.com/static/version1719354004/frontend/RLTSquare/SanaSafinaz/en_US/images/S-SBlack.png'}],,,,"width=device-width, initial-scale=1, maximum-scale=1.0, user-scalable=no",Sana Safinaz Online Store,telephone=no,1df8ywuj73wsits2sz6ivgmmnq8hqn,,,,,,,,,,,,,,,,,,,,,,,,,,,,,,,,,,,,,,,,,,,,,
pk,sana safinaz,4,Sana Safinaz,Sana Safinaz. 1520072 likes Â· 7261 talking about this. Welcome to ''Sana Safinaz'' official Facebook page. Keep checking this space for updated...,www.facebook.com,https://www.facebook.com/sanasafinazpage/,2024-06-26 21:24:17.690722+00:00,3420000,10,aiseoapp,65ad0787cb9c54f76,0.16,"3,420,000",https://www.facebook.com/sanasafinazpage/,https://www.facebook.com/<b>sanasafinaz</b>page/,<b>Sana Safinaz</b>. 1520072 likes Â· 7261 talking about this. Welcome to &#39;&#39;<b>Sana Safinaz</b>&#39;&#39; official Facebook page. Keep checking this space for updated...,<b>Sana Safinaz</b>,utf8,customsearch#result,utf8,"{'cse_thumbnail': [{'src': 'https://encrypted-tbn0.gstatic.com/images?q=tbn:ANd9GcRprcYtcQDe8p99AZY75wljeFpl7XQrBduEr2vGEaABN5wxGo4JQAidikb2&s', 'width': '225', 'height': '225'}], 'SocialMediaPosting': [{}, {}, {}], 'metatags': [{'apple-itunes-app': 'app-id=284882215, app-argument=fb://profile/100053375679542', 'og:image': 'https://lookaside.fbsbx.com/lookaside/crawler/media/?media_id=100053375679542', 'twitter:card': 'summary', 'theme-color': '#FFFFFF', 'al:android:package': 'com.facebook.katana', 'al:ios:url': 'fb://profile/100053375679542', 'og:description': ""Sana Safinaz. 1,520,072 likes Â· 7,261 talking about this. Welcome to ''Sana Safinaz'' official Facebook page. Keep checking this space for updated trends, products and what's in store related..."", 'al:ios:app_store_id': '284882215', 'twitter:image': 'https://lookaside.fbsbx.com/lookaside/crawler/media/?media_id=100053375679542', 'twitter:image:alt': 'Sana Safinaz', 'twitter:site': '@facebookapp', 'og:type': 'video.other', 'og:image:alt': 'Sana Safinaz', 'twitter:title': 'Sana Safinaz', 'al:ios:app_name': 'Facebook', 'og:title': 'Sana Safinaz', 'google': 'notranslate', 'al:android:url': 'fb://profile/100053375679542', 'referrer': 'origin-when-crossorigin', 'viewport': 'width=device-width, initial-scale=1', 'twitter:description': ""Sana Safinaz. 1,520,072 likes Â· 7,261 talking about this. Welcome to ''Sana Safinaz'' official Facebook page. Keep checking this space for updated trends, products and what's in store related..."", 'og:locale': 'en_US', 'fb-version': '414.0.0.0.75:2541', 'og:url': 'https://www.facebook.com/sanasafinazpage/', 'al:android:app_name': 'Facebook'}], 'cse_image': [{'src': 'https://lookaside.fbsbx.com/lookaside/crawler/media/?media_id=100053375679542'}]}",off,0.161413,1,"[{'src': 'https://encrypted-tbn0.gstatic.com/images?q=tbn:ANd9GcRprcYtcQDe8p99AZY75wljeFpl7XQrBduEr2vGEaABN5wxGo4JQAidikb2&s', 'width': '225', 'height': '225'}]","[{'apple-itunes-app': 'app-id=284882215, app-argument=fb://profile/100053375679542', 'og:image': 'https://lookaside.fbsbx.com/lookaside/crawler/media/?media_id=100053375679542', 'twitter:card': 'summary', 'theme-color': '#FFFFFF', 'al:android:package': 'com.facebook.katana', 'al:ios:url': 'fb://profile/100053375679542', 'og:description': ""Sana Safinaz. 1,520,072 likes Â· 7,261 talking about this. Welcome to ''Sana Safinaz'' official Facebook page. Keep checking this space for updated trends, products and what's in store related..."", 'al:ios:app_store_id': '284882215', 'twitter:image': 'https://lookaside.fbsbx.com/lookaside/crawler/media/?media_id=100053375679542', 'twitter:image:alt': 'Sana Safinaz', 'twitter:site': '@facebookapp', 'og:type': 'video.other', 'og:image:alt': 'Sana Safinaz', 'twitter:title': 'Sana Safinaz', 'al:ios:app_name': 'Facebook', 'og:title': 'Sana Safinaz', 'google': 'notranslate', 'al:android:url': 'fb://profile/100053375679542', 'referrer': 'origin-when-crossorigin', 'viewport': 'width=device-width, initial-scale=1', 'twitter:description': ""Sana Safinaz. 1,520,072 likes Â· 7,261 talking about this. Welcome to ''Sana Safinaz'' official Facebook page. Keep checking this space for updated trends, products and what's in store related..."", 'og:locale': 'en_US', 'fb-version': '414.0.0.0.75:2541', 'og:url': 'https://www.facebook.com/sanasafinazpage/', 'al:android:app_name': 'Facebook'}]",[{'src': 'https://lookaside.fbsbx.com/lookaside/crawler/media/?media_id=100053375679542'}],,"[{}, {}, {}]",,"width=device-width, initial-scale=1",,,,https://lookaside.fbsbx.com/lookaside/crawler/media/?media_id=100053375679542,#FFFFFF,video.other,Facebook,Sana Safinaz,com.facebook.katana,,fb://profile/100053375679542,,"Sana Safinaz. 1,520,072 likes Â· 7,261 talking about this. Welcome to ''Sana Safinaz'' official Facebook page. Keep checking this space for updated trends, products and what's in store related...",284882215,fb://profile/100053375679542,,,https://www.facebook.com/sanasafinazpage/,Facebook,"app-id=284882215, app-argument=fb://profile/100053375679542",summary,https://lookaside.fbsbx.com/lookaside/crawler/media/?media_id=100053375679542,Sana Safinaz,@facebookapp,Sana Safinaz,Sana Safinaz,notranslate,origin-when-crossorigin,"Sana Safinaz. 1,520,072 likes Â· 7,261 talking about this. Welcome to ''Sana Safinaz'' official Facebook page. Keep checking this space for updated trends, products and what's in store related...",en_US,414.0.0.0.75:2541,,,,,,,,,,,,,,,,,
pk,sana safinaz,5,Sana Safinaz Online Store,Welcome to Sana Safinaz Online Store!,www.sanasafinaz.com,https://www.sanasafinaz.com/us/,2024-06-26 21:24:17.690722+00:00,3420000,10,aiseoapp,65ad0787cb9c54f76,0.16,"3,420,000",https://www.sanasafinaz.com/us/,https://www.<b>sanasafinaz</b>.com/us/,Welcome to <b>Sana Safinaz</b> Online Store!,<b>Sana Safinaz</b> Online Store,utf8,customsearch#result,utf8,"{'cse_thumbnail': [{'src': 'https://encrypted-tbn0.gstatic.com/images?q=tbn:ANd9GcSScalD_qEKS2LCaD1Sp0aK-8cyTEzxF8yUva7TBmXd_q1s0jNul-hMIuw&s', 'width': '546', 'height': '92'}], 'metatags': [{'viewport': 'width=device-width, initial-scale=1, maximum-scale=1.0, user-scalable=no', 'title': 'Sana Safinaz Online Store', 'format-detection': 'telephone=no', 'facebook-domain-verification': '1df8ywuj73wsits2sz6ivgmmnq8hqn'}], 'cse_image': [{'src': 'https://www.sanasafinaz.com/static/version1719354004/frontend/RLTSquare/SanaSafinaz/en_US/images/S-SBlack.png'}]}",off,0.161413,1,"[{'src': 'https://encrypted-tbn0.gstatic.com/images?q=tbn:ANd9GcSScalD_qEKS2LCaD1Sp0aK-8cyTEzxF8yUva7TBmXd_q1s0jNul-hMIuw&s', 'width': '546', 'height': '92'}]","[{'viewport': 'width=device-width, initial-scale=1, maximum-scale=1.0, user-scalable=no', 'title': 'Sana Safinaz Online Store', 'format-detection': 'telephone=no', 'facebook-domain-verification': '1df8ywuj73wsits2sz6ivgmmnq8hqn'}]",[{'src': 'https://www.sanasafinaz.com/static/version1719354004/frontend/RLTSquare/SanaSafinaz/en_US/images/S-SBlack.png'}],,,,"width=device-width, initial-scale=1, maximum-scale=1.0, user-scalable=no",Sana Safinaz Online Store,telephone=no,1df8ywuj73wsits2sz6ivgmmnq8hqn,,,,,,,,,,,,,,,,,,,,,,,,,,,,,,,,,,,,,,,,,,,,,
pk,sana safinaz,6,Sana Safinaz - Laam,Sana Safinaz: Sana Safinaz Online | Sana Safinaz PK Sana Safinaz is a brand that is known to all. This is because it has never failed to produce aÂ ...,laam.pk,https://laam.pk/collections/sana-safinaz,2024-06-26 21:24:17.690722+00:00,3420000,10,aiseoapp,65ad0787cb9c54f76,0.16,"3,420,000",https://laam.pk/collections/sana-safinaz,https://laam.pk/collections/<b>sana</b>-<b>safinaz</b>,<b>Sana Safinaz</b>: <b>Sana Safinaz</b> Online | <b>Sana Safinaz</b> PK <b>Sana Safinaz</b> is a brand that is known to all. This is because it has never failed to produce a&nbsp;...,<b>Sana Safinaz</b> - Laam,utf8,customsearch#result,utf8,"{'cse_thumbnail': [{'src': 'https://encrypted-tbn0.gstatic.com/images?q=tbn:ANd9GcQvPEI5muJj91qUy21E_vAdgNt50p6Q2zgqa_swV065FtHQ298SWFGfh8IU&s', 'width': '311', 'height': '162'}], 'metatags': [{'og:image': 'https://cdn.shopify.com/s/files/1/2337/7003/files/LAAM_Fashion_Ecommerce_Store1680507440.jpg', 'og:type': 'website', 'og:site_name': 'laam', 'v-id': '[object Object]', 'viewport': 'width=device-width, initial-scale=1, maximum-scale=1, user-scalable=0', 'apple-mobile-web-app-title': 'laam', 'og:title': 'Sana Safinaz', 'mobile-web-app-capable': 'yes', 'og:url': 'https://laam.pk/Sana Safinaz', 'og:description': 'Sana Safinaz: Sana Safinaz Online | Sana Safinaz PK Sana Safinaz is a brand that is known to all. This is because it has never failed to produce a fantabulous collection. All the lines that it has introduced have been a success. This is because it follows a simple mantra - deliver nothing but the best. This stays true for each and every product of theirs. This is the reason that it can be called one of the favorite brands of the majority of people. It ensures quality, variety and keeps the customersâ€™ satisfaction at the highest possible level. Having attained such love from the customers, the said label puts in more and more effort into delivering the best and raising the bar every time, every season, and at every launch. It deals in fragrances, unstitched fabric, ready-to-wear, pret, pants, shoes, accessories, bridal, and couture. Sana Safinaz pk When summer is the season - we all ladies know that shopping for lawn ranks as one of the top priorities. The suits need to be trendy, comfortable, and absolutely', 'og:site-name': 'LAAM | Pakistanâ€™s Largest Fashion Discovery Platform', 'format-detection': 'telephone=no'}], 'cse_image': [{'src': 'https://cdn.shopify.com/s/files/1/2337/7003/files/LAAM_Fashion_Ecommerce_Store1680507440.jpg'}]}",off,0.161413,1,"[{'src': 'https://encrypted-tbn0.gstatic.com/images?q=tbn:ANd9GcQvPEI5muJj91qUy21E_vAdgNt50p6Q2zgqa_swV065FtHQ298SWFGfh8IU&s', 'width': '311', 'height': '162'}]","[{'og:image': 'https://cdn.shopify.com/s/files/1/2337/7003/files/LAAM_Fashion_Ecommerce_Store1680507440.jpg', 'og:type': 'website', 'og:site_name': 'laam', 'v-id': '[object Object]', 'viewport': 'width=device-width, initial-scale=1, maximum-scale=1, user-scalable=0', 'apple-mobile-web-app-title': 'laam', 'og:title': 'Sana Safinaz', 'mobile-web-app-capable': 'yes', 'og:url': 'https://laam.pk/Sana Safinaz', 'og:description': 'Sana Safinaz: Sana Safinaz Online | Sana Safinaz PK Sana Safinaz is a brand that is known to all. This is because it has never failed to produce a fantabulous collection. All the lines that it has introduced have been a success. This is because it follows a simple mantra - deliver nothing but the best. This stays true for each and every product of theirs. This is the reason that it can be called one of the favorite brands of the majority of people. It ensures quality, variety and keeps the customersâ€™ satisfaction at the highest possible level. Having attained such love from the customers, the said label puts in more and more effort into delivering the best and raising the bar every time, every season, and at every launch. It deals in fragrances, unstitched fabric, ready-to-wear, pret, pants, shoes, accessories, bridal, and couture. Sana Safinaz pk When summer is the season - we all ladies know that shopping for lawn ranks as one of the top priorities. The suits need to be trendy, comfortable, and absolutely', 'og:site-name': 'LAAM | Pakistanâ€™s Largest Fashion Discovery Platform', 'format-detection': 'telephone=no'}]",[{'src': 'https://cdn.shopify.com/s/files/1/2337/7003/files/LAAM_Fashion_Ecommerce_Store1680507440.jpg'}],,,,"width=device-width, initial-scale=1, maximum-scale=1, user-scalable=0",,telephone=no,,https://cdn.shopify.com/s/files/1/2337/7003/files/LAAM_Fashion_Ecommerce_Store1680507440.jpg,,website,,Sana Safinaz,,,,,"Sana Safinaz: Sana Safinaz Online | Sana Safinaz PK Sana Safinaz is a brand that is known to all. This is because it has never failed to produce a fantabulous collection. All the lines that it has introduced have been a success. This is because it follows a simple mantra - deliver nothing but the best. This stays true for each and every product of theirs. This is the reason that it can be called one of the favorite brands of the majority of people. It ensures quality, variety and keeps the customersâ€™ satisfaction at the highest possible level. Having attained such love from the customers, the said label puts in more and more effort into delivering the best and raising the bar every time, every season, and at every launch. It deals in fragrances, unstitched fabric, ready-to-wear, pret, pants, shoes, accessories, bridal, and couture. Sana Safinaz pk When summer is the season - we all ladies know that shopping for lawn ranks as one of the top priorities. The suits need to be trendy, comfortable, and absolutely",,,,yes,https://laam.pk/Sana Safinaz,,,,,,,,,,,,,,laam,[object Object],laam,LAAM | Pakistanâ€™s Largest Fashion Discovery Platform,,,,,,,,,,,,,
pk,sana safinaz,7,Ready To Wear,sanasafinaz. Search. Search. Search. Track Order. Select Country. Pakistan ... Powered by sanasafinaz.com. Menu. Sale Â· Ready To WearÂ ...,www.sanasafinaz.com,https://www.sanasafinaz.com/pk/ready-to-wear.html,2024-06-26 21:24:17.690722+00:00,3420000,10,aiseoapp,65ad0787cb9c54f76,0.16,"3,420,000",https://www.sanasafinaz.com/pk/ready-to-wear.html,https://www.<b>sanasafinaz</b>.com/pk/ready-to-wear.html,<b>sanasafinaz</b>. Search. Search. Search. Track Order. Select Country. Pakistan ... Powered by <b>sanasafinaz</b>.com. Menu. Sale &middot; Ready To Wear&nbsp;...,Ready To Wear,utf8,customsearch#result,utf8,"{'cse_thumbnail': [{'src': 'https://encrypted-tbn0.gstatic.com/images?q=tbn:ANd9GcTsrR2E6O6osRnsVKeZ2sGPy78zG021PO5w-wTvJ3jKxeXu4UxtGlsMzow&s', 'width': '346', 'height': '145'}], 'metatags': [{'og:image': 'https://www.sanasafinaz.com/media/catalog/category/Inner-Catagory-Banner_7_1.jpg', 'viewport': 'width=device-width, initial-scale=1, maximum-scale=1.0, user-scalable=no', 'title': 'Ready To Wear', 'format-detection': 'telephone=no', 'facebook-domain-verification': '1df8ywuj73wsits2sz6ivgmmnq8hqn'}], 'cse_image': [{'src': 'https://www.sanasafinaz.com/media/catalog/category/Inner-Catagory-Banner_7_1.jpg'}]}",off,0.161413,1,"[{'src': 'https://encrypted-tbn0.gstatic.com/images?q=tbn:ANd9GcTsrR2E6O6osRnsVKeZ2sGPy78zG021PO5w-wTvJ3jKxeXu4UxtGlsMzow&s', 'width': '346', 'height': '145'}]","[{'og:image': 'https://www.sanasafinaz.com/media/catalog/category/Inner-Catagory-Banner_7_1.jpg', 'viewport': 'width=device-width, initial-scale=1, maximum-scale=1.0, user-scalable=no', 'title': 'Ready To Wear', 'format-detection': 'telephone=no', 'facebook-domain-verification': '1df8ywuj73wsits2sz6ivgmmnq8hqn'}]",[{'src': 'https://www.sanasafinaz.com/media/catalog/category/Inner-Catagory-Banner_7_1.jpg'}],,,,"width=device-width, initial-scale=1, maximum-scale=1.0, user-scalable=no",Ready To Wear,telephone=no,1df8ywuj73wsits2sz6ivgmmnq8hqn,https://www.sanasafinaz.com/media/catalog/category/Inner-Catagory-Banner_7_1.jpg,,,,,,,,,,,,,,,,,,,,,,,,,,,,,,,,,,,,,,,,,,,,
pk,sana safinaz,8,Sana Safinaz on LinkedIn: #independenceday ...,"Aug 13, 2023 ... Sana Safinaz Stitched in Unity âœ¨ This Independence Day, we celebrated as one team across all our office locations, embracing theÂ ...",www.linkedin.com,https://www.linkedin.com/posts/sanasafinaz_independenceday-pakistansindependence-activity-7096734839088848899-gxvM,2024-06-26 21:24:17.690722+00:00,3420000,10,aiseoapp,65ad0787cb9c54f76,0.16,"3,420,000",https://www.linkedin.com/.../sanasafinaz_independenceday-pakistansindepe...,https://www.linkedin.com/.../<b>sanasafinaz</b>_independenceday-pakistansindepe...,"Aug 13, 2023 <b>...</b> <b>Sana Safinaz</b> Stitched in Unity âœ¨ This Independence Day, we celebrated as one team across all our office locations, embracing the&nbsp;...",<b>Sana Safinaz</b> on LinkedIn: #independenceday ...,utf8,customsearch#result,utf8,"{'cse_thumbnail': [{'src': 'https://encrypted-tbn0.gstatic.com/images?q=tbn:ANd9GcTsv7qnnoEOJMPsNhM1zuQ_rekdSI3BXSgDSlHNkMgF-eLToOpgj1CnsFMy&s', 'width': '311', 'height': '162'}], 'metatags': [{'og:image': 'https://media.licdn.com/dms/image/D4D22AQHkmu30heGRjg/feedshare-shrink_800/0/1691993434264?e=2147483647&v=beta&t=NAj_hsyn6d6I7nNEdlDkoL3aTZkNKcfJlqFOsByTEpo', 'twitter:title': 'Sana Safinaz on LinkedIn: #independenceday #pakistansindependence #sanasafinaz #teamsanasafinaz', 'twitter:card': 'summary_large_image', 'og:type': 'article', 'al:ios:app_name': 'LinkedIn', 'twitter:url': 'https://www.linkedin.com/posts/sanasafinaz_independenceday-pakistansindependence-activity-7096734839088848899-gxvM', 'og:title': 'Sana Safinaz on LinkedIn: #independenceday #pakistansindependence #sanasafinaz #teamsanasafinaz', 'al:android:package': 'com.linkedin.android', 'pagekey': 'p_public_post', 'locale': 'en_US', 'al:ios:url': 'https://www.linkedin.com/posts/sanasafinaz_independenceday-pakistansindependence-activity-7096734839088848899-gxvM', 'og:description': 'Sana Safinaz ðŸ‡µðŸ‡° Stitched in Unity âœ¨\n\nThis Independence Day, we celebrated as one team across all our office locations, embracing the diversity that makes usâ€¦', 'al:ios:app_store_id': '288429040', 'twitter:image': 'https://media.licdn.com/dms/image/D4D22AQHkmu30heGRjg/feedshare-shrink_800/0/1691993434264?e=2147483647&v=beta&t=NAj_hsyn6d6I7nNEdlDkoL3aTZkNKcfJlqFOsByTEpo', 'al:android:url': 'https://www.linkedin.com/posts/sanasafinaz_independenceday-pakistansindependence-activity-7096734839088848899-gxvM', 'lnkd:url': 'https://www.linkedin.com/feed/update/urn:li:activity:7096734839088848899', 'twitter:site': '@linkedin', 'viewport': 'width=device-width, initial-scale=1.0', 'twitter:description': 'Sana Safinaz ðŸ‡µðŸ‡° Stitched in Unity âœ¨\n\nThis Independence Day, we celebrated as one team across all our office locations, embracing the diversity that makes usâ€¦', 'og:url': 'https://www.linkedin.com/posts/sanasafinaz_independenceday-pakistansindependence-activity-7096734839088848899-gxvM', 'al:android:app_name': 'LinkedIn'}], 'cse_image': [{'src': 'https://media.licdn.com/dms/image/D4D22AQHkmu30heGRjg/feedshare-shrink_800/0/1691993434264?e=2147483647&v=beta&t=NAj_hsyn6d6I7nNEdlDkoL3aTZkNKcfJlqFOsByTEpo'}]}",off,0.161413,1,"[{'src': 'https://encrypted-tbn0.gstatic.com/images?q=tbn:ANd9GcTsv7qnnoEOJMPsNhM1zuQ_rekdSI3BXSgDSlHNkMgF-eLToOpgj1CnsFMy&s', 'width': '311', 'height': '162'}]","[{'og:image': 'https://media.licdn.com/dms/image/D4D22AQHkmu30heGRjg/feedshare-shrink_800/0/1691993434264?e=2147483647&v=beta&t=NAj_hsyn6d6I7nNEdlDkoL3aTZkNKcfJlqFOsByTEpo', 'twitter:title': 'Sana Safinaz on LinkedIn: #independenceday #pakistansindependence #sanasafinaz #teamsanasafinaz', 'twitter:card': 'summary_large_image', 'og:type': 'article', 'al:ios:app_name': 'LinkedIn', 'twitter:url': 'https://www.linkedin.com/posts/sanasafinaz_independenceday-pakistansindependence-activity-7096734839088848899-gxvM', 'og:title': 'Sana Safinaz on LinkedIn: #independenceday #pakistansindependence #sanasafinaz #teamsanasafinaz', 'al:android:package': 'com.linkedin.android', 'pagekey': 'p_public_post', 'locale': 'en_US', 'al:ios:url': 'https://www.linkedin.com/posts/sanasafinaz_independenceday-pakistansindependence-activity-7096734839088848899-gxvM', 'og:description': 'Sana Safinaz ðŸ‡µðŸ‡° Stitched in Unity âœ¨\n\nThis Independence Day, we celebrated as one team across all our office locations, embracing the diversity that makes usâ€¦', 'al:ios:app_store_id': '288429040', 'twitter:image': 'https://media.licdn.com/dms/image/D4D22AQHkmu30heGRjg/feedshare-shrink_800/0/1691993434264?e=2147483647&v=beta&t=NAj_hsyn6d6I7nNEdlDkoL3aTZkNKcfJlqFOsByTEpo', 'al:android:url': 'https://www.linkedin.com/posts/sanasafinaz_independenceday-pakistansindependence-activity-7096734839088848899-gxvM', 'lnkd:url': 'https://www.linkedin.com/feed/update/urn:li:activity:7096734839088848899', 'twitter:site': '@linkedin', 'viewport': 'width=device-width, initial-scale=1.0', 'twitter:description': 'Sana Safinaz ðŸ‡µðŸ‡° Stitched in Unity âœ¨\n\nThis Independence Day, we celebrated as one team across all our office locations, embracing the diversity that makes usâ€¦', 'og:url': 'https://www.linkedin.com/posts/sanasafinaz_independenceday-pakistansindependence-activity-7096734839088848899-gxvM', 'al:android:app_name': 'LinkedIn'}]",[{'src': 'https://media.licdn.com/dms/image/D4D22AQHkmu30heGRjg/feedshare-shrink_800/0/1691993434264?e=2147483647&v=beta&t=NAj_hsyn6d6I7nNEdlDkoL3aTZkNKcfJlqFOsByTEpo'}],,,,"width=device-width, initial-scale=1.0",,,,https://media.licdn.com/dms/image/D4D22AQHkmu30heGRjg/feedshare-shrink_800/0/1691993434264?e=2147483647&v=beta&t=NAj_hsyn6d6I7nNEdlDkoL3aTZkNKcfJlqFOsByTEpo,,article,LinkedIn,Sana Safinaz on LinkedIn: #independenceday #pakistansindependence #sanasafinaz #teamsanasafinaz,com.linkedin.android,,https://www.linkedin.com/posts/sanasafinaz_independenceday-pakistansindependence-activity-7096734839088848899-gxvM,,"Sana Safinaz ðŸ‡µðŸ‡° Stitched in Unity âœ¨

This Independence Day, we celebrated as one team across all our office locations, embracing the diversity that makes usâ€¦",288429040,https://www.linkedin.com/posts/sanasafinaz_independenceday-pakistansindependence-activity-7096734839088848899-gxvM,,,https://www.linkedin.com/posts/sanasafinaz_independenceday-pakistansindependence-activity-7096734839088848899-gxvM,LinkedIn,,summary_large_image,https://media.licdn.com/dms/image/D4D22AQHkmu30heGRjg/feedshare-shrink_800/0/1691993434264?e=2147483647&v=beta&t=NAj_hsyn6d6I7nNEdlDkoL3aTZkNKcfJlqFOsByTEpo,,@linkedin,,Sana Safinaz on LinkedIn: #independenceday #pakistansindependence #sanasafinaz #teamsanasafinaz,,,"Sana Safinaz ðŸ‡µðŸ‡° Stitched in Unity âœ¨

This Independence Day, we celebrated as one team across all our office locations, embracing the diversity that makes usâ€¦",,,,,,,https://www.linkedin.com/posts/sanasafinaz_independenceday-pakistansindependence-activity-7096734839088848899-gxvM,p_public_post,en_US,https://www.linkedin.com/feed/update/urn:li:activity:7096734839088848899,,,,,,,,,
pk,sana safinaz,9,Sana Safinaz - Ready To Wear (@sanasafinazpret) â€¢ Instagram ...,#SanaSafinazPret. Sana Safinaz Pret's Official Account Also Follow: @sanasafinazofficial & @sanasafinazcouture. UAN / WhatsApp: +92-21-111-003-005 Â· Photo byÂ ...,www.instagram.com,https://www.instagram.com/sanasafinazpret/?hl=en,2024-06-26 21:24:17.690722+00:00,3420000,10,aiseoapp,65ad0787cb9c54f76,0.16,"3,420,000",https://www.instagram.com/sanasafinazpret/?hl=en,https://www.instagram.com/<b>sanasafinaz</b>pret/?hl=en,#SanaSafinazPret. <b>Sana Safinaz</b> Pret&#39;s Official Account Also Follow: @sanasafinazofficial &amp; @sanasafinazcouture. UAN / WhatsApp: +92-21-111-003-005 &middot; Photo by&nbsp;...,<b>Sana Safinaz</b> - Ready To Wear (@sanasafinazpret) â€¢ Instagram ...,utf8,customsearch#result,utf8,"{'cse_thumbnail': [{'src': 'https://encrypted-tbn0.gstatic.com/images?q=tbn:ANd9GcQ2TJglEzlal-jrAcvmwpS-JrV0ooIsZ5Cn-rs0lnL3OZBeBQu76JbzGcj-&s', 'width': '201', 'height': '251'}], 'xfn': [{}], 'metatags': [{'og:image': 'https://scontent-atl3-1.cdninstagram.com/v/t51.2885-19/100934903_252218309399871_1788314946287697920_n.jpg?stp=dst-jpg_s100x100&_nc_cat=110&ccb=1-7&_nc_sid=3fd06f&_nc_ohc=WyfToy8w7DsQ7kNvgEobbUF&_nc_ht=scontent-atl3-1.cdninstagram.com&oh=00_AYD5ZYeo8ZN8ruhsCDf-lSlBm1_yzLTqJaNCevuxcw6bWg&oe=66813807', 'theme-color': '#FFFFFF', 'og:type': 'profile', 'al:ios:app_name': 'Instagram', 'og:title': 'Sana Safinaz - Ready To Wear (@sanasafinazpret) â€¢ Instagram photos and videos', 'al:android:package': 'com.instagram.android', 'bingbot': 'noarchive', 'al:ios:url': 'instagram://user?username=sanasafinazpret', 'color-scheme': 'light', 'og:description': '888K Followers, 2 Following, 6,390 Posts - See Instagram photos and videos from Sana Safinaz - Ready To Wear (@sanasafinazpret)', 'al:ios:app_store_id': '389801252', 'al:android:url': 'https://instagram.com/_u/sanasafinazpret/', 'apple-mobile-web-app-status-bar-style': 'default', 'viewport': 'width=device-width, initial-scale=1, minimum-scale=1, maximum-scale=1, viewport-fit=cover', 'mobile-web-app-capable': 'yes', 'og:url': 'https://www.instagram.com/sanasafinazpret/', 'al:android:app_name': 'Instagram'}], 'cse_image': [{'src': 'https://lookaside.instagram.com/seo/google_widget/crawler/?media_id=3398143969543327952'}]}",off,0.161413,1,"[{'src': 'https://encrypted-tbn0.gstatic.com/images?q=tbn:ANd9GcQ2TJglEzlal-jrAcvmwpS-JrV0ooIsZ5Cn-rs0lnL3OZBeBQu76JbzGcj-&s', 'width': '201', 'height': '251'}]","[{'og:image': 'https://scontent-atl3-1.cdninstagram.com/v/t51.2885-19/100934903_252218309399871_1788314946287697920_n.jpg?stp=dst-jpg_s100x100&_nc_cat=110&ccb=1-7&_nc_sid=3fd06f&_nc_ohc=WyfToy8w7DsQ7kNvgEobbUF&_nc_ht=scontent-atl3-1.cdninstagram.com&oh=00_AYD5ZYeo8ZN8ruhsCDf-lSlBm1_yzLTqJaNCevuxcw6bWg&oe=66813807', 'theme-color': '#FFFFFF', 'og:type': 'profile', 'al:ios:app_name': 'Instagram', 'og:title': 'Sana Safinaz - Ready To Wear (@sanasafinazpret) â€¢ Instagram photos and videos', 'al:android:package': 'com.instagram.android', 'bingbot': 'noarchive', 'al:ios:url': 'instagram://user?username=sanasafinazpret', 'color-scheme': 'light', 'og:description': '888K Followers, 2 Following, 6,390 Posts - See Instagram photos and videos from Sana Safinaz - Ready To Wear (@sanasafinazpret)', 'al:ios:app_store_id': '389801252', 'al:android:url': 'https://instagram.com/_u/sanasafinazpret/', 'apple-mobile-web-app-status-bar-style': 'default', 'viewport': 'width=device-width, initial-scale=1, minimum-scale=1, maximum-scale=1, viewport-fit=cover', 'mobile-web-app-capable': 'yes', 'og:url': 'https://www.instagram.com/sanasafinazpret/', 'al:android:app_name': 'Instagram'}]",[{'src': 'https://lookaside.instagram.com/seo/google_widget/crawler/?media_id=3398143969543327952'}],[{}],,,"width=device-width, initial-scale=1, minimum-scale=1, maximum-scale=1, viewport-fit=cover",,,,https://scontent-atl3-1.cdninstagram.com/v/t51.2885-19/100934903_252218309399871_1788314946287697920_n.jpg?stp=dst-jpg_s100x100&_nc_cat=110&ccb=1-7&_nc_sid=3fd06f&_nc_ohc=WyfToy8w7DsQ7kNvgEobbUF&_nc_ht=scontent-atl3-1.cdninstagram.com&oh=00_AYD5ZYeo8ZN8ruhsCDf-lSlBm1_yzLTqJaNCevuxcw6bWg&oe=66813807,#FFFFFF,profile,Instagram,Sana Safinaz - Ready To Wear (@sanasafinazpret) â€¢ Instagram photos and videos,com.instagram.android,noarchive,instagram://user?username=sanasafinazpret,light,"888K Followers, 2 Following, 6,390 Posts - See Instagram photos and videos from Sana Safinaz - Ready To Wear (@sanasafinazpret)",389801252,https://instagram.com/_u/sanasafinazpret/,default,yes,https://www.instagram.com/sanasafinazpret/,Instagram,,,,,,,,,,,,,,,,,,,,,,,,,,,,,
pk,sana safinaz,10,Sana Safinaz Clothing | Designer Women's Clothing | Janan,"Browse the latest range of Sana Safinaz clothing, one of the biggest Pakistani clothing brands in the world. Get free UK delivery on orders over Â£60.",janan.com,https://janan.com/collections/sana-safinaz,2024-06-26 21:24:17.690722+00:00,3420000,10,aiseoapp,65ad0787cb9c54f76,0.16,"3,420,000",https://janan.com/collections/sana-safinaz,https://janan.com/collections/<b>sana</b>-<b>safinaz</b>,"Browse the latest range of <b>Sana Safinaz</b> clothing, one of the biggest Pakistani clothing brands in the world. Get free UK delivery on orders over Â£60.",<b>Sana Safinaz</b> Clothing | Designer Women&#39;s Clothing | Janan,utf8,customsearch#result,utf8,"{'cse_thumbnail': [{'src': 'https://encrypted-tbn0.gstatic.com/images?q=tbn:ANd9GcRaUf3chAEI9owOYKuZTo9ll3cA1JXpjs7OpKTnKYYXsf4k1Uv3E_DgPZQ&s', 'width': '225', 'height': '225'}], 'organization': [{'logo': 'https://janan.com/cdn/shop/files/logo_f1ce27e6-4d32-484b-ba21-854659a16de7_190x.png?v=1615370693', 'url': 'https://janan.com/'}], 'metatags': [{'og:image': 'http://janan.com/cdn/shop/collections/SSBanner.jpg?v=1596470550', 'theme-color': '#008080', 'og:type': 'website', 'og:image:width': '1080', 'twitter:card': 'summary_large_image', 'twitter:title': ""Sana Safinaz Clothing | Designer Women's Clothing | Janan"", 'og:site_name': 'Janan', 'og:title': ""Sana Safinaz Clothing | Designer Women's Clothing | Janan"", 'og:image:height': '1080', 'shopify-checkout-api-token': '9af25b4331b264648df7ebe79e19b004', 'og:description': 'Browse the latest range of Sana Safinaz clothing, one of the biggest Pakistani clothing brands in the world. Get free UK delivery on orders over Â£60.', 'og:image:secure_url': 'https://janan.com/cdn/shop/collections/SSBanner.jpg?v=1596470550', 'twitter:site': '@JananOutlet', 'viewport': 'width=device-width,initial-scale=1', 'twitter:description': 'Browse the latest range of Sana Safinaz clothing, one of the biggest Pakistani clothing brands in the world. Get free UK delivery on orders over Â£60.', 'shopify-digital-wallet': '/28071010/digital_wallets/dialog', 'og:url': 'https://janan.com/collections/sana-safinaz'}], 'cse_image': [{'src': 'http://janan.com/cdn/shop/collections/SSBanner.jpg?v=1596470550'}]}",off,0.161413,1,"[{'src': 'https://encrypted-tbn0.gstatic.com/images?q=tbn:ANd9GcRaUf3chAEI9owOYKuZTo9ll3cA1JXpjs7OpKTnKYYXsf4k1Uv3E_DgPZQ&s', 'width': '225', 'height': '225'}]","[{'og:image': 'http://janan.com/cdn/shop/collections/SSBanner.jpg?v=1596470550', 'theme-color': '#008080', 'og:type': 'website', 'og:image:width': '1080', 'twitter:card': 'summary_large_image', 'twitter:title': ""Sana Safinaz Clothing | Designer Women's Clothing | Janan"", 'og:site_name': 'Janan', 'og:title': ""Sana Safinaz Clothing | Designer Women's Clothing | Janan"", 'og:image:height': '1080', 'shopify-checkout-api-token': '9af25b4331b264648df7ebe79e19b004', 'og:description': 'Browse the latest range of Sana Safinaz clothing, one of the biggest Pakistani clothing brands in the world. Get free UK delivery on orders over Â£60.', 'og:image:secure_url': 'https://janan.com/cdn/shop/collections/SSBanner.jpg?v=1596470550', 'twitter:site': '@JananOutlet', 'viewport': 'width=device-width,initial-scale=1', 'twitter:description': 'Browse the latest range of Sana Safinaz clothing, one of the biggest Pakistani clothing brands in the world. Get free UK delivery on orders over Â£60.', 'shopify-digital-wallet': '/28071010/digital_wallets/dialog', 'og:url': 'https://janan.com/collections/sana-safinaz'}]",[{'src': 'http://janan.com/cdn/shop/collections/SSBanner.jpg?v=1596470550'}],,,"[{'logo': 'https://janan.com/cdn/shop/files/logo_f1ce27e6-4d32-484b-ba21-854659a16de7_190x.png?v=1615370693', 'url': 'https://janan.com/'}]","width=device-width,initial-scale=1",,,,http://janan.com/cdn/shop/collections/SSBanner.jpg?v=1596470550,#008080,website,,Sana Safinaz Clothing | Designer Women's Clothing | Janan,,,,,"Browse the latest range of Sana Safinaz clothing, one of the biggest Pakistani clothing brands in the world. Get free UK delivery on orders over Â£60.",,,,,https://janan.com/collections/sana-safinaz,,,summary_large_image,,,@JananOutlet,,Sana Safinaz Clothing | Designer Women's Clothing | Janan,,,"Browse the latest range of Sana Safinaz clothing, one of the biggest Pakistani clothing brands in the world. Get free UK delivery on orders over Â£60.",,,Janan,,,,,,,,1080,1080,9af25b4331b264648df7ebe79e19b004,https://janan.com/cdn/shop/collections/SSBanner.jpg?v=1596470550,/28071010/digital_wallets/dialog,,,,
pk,sana safinaz branch,1,Sana Safinaz Online Store,Welcome to Sana Safinaz Online Store!,www.sanasafinaz.com,https://www.sanasafinaz.com/us/,2024-06-26 21:24:17.714730+00:00,102000,10,aiseoapp,65ad0787cb9c54f76,0.31,"102,000",https://www.sanasafinaz.com/us/,https://www.<b>sanasafinaz</b>.com/us/,Welcome to <b>Sana Safinaz</b> Online <b>Store</b>!,<b>Sana Safinaz</b> Online <b>Store</b>,utf8,customsearch#result,utf8,"{'cse_thumbnail': [{'src': 'https://encrypted-tbn0.gstatic.com/images?q=tbn:ANd9GcSScalD_qEKS2LCaD1Sp0aK-8cyTEzxF8yUva7TBmXd_q1s0jNul-hMIuw&s', 'width': '546', 'height': '92'}], 'metatags': [{'viewport': 'width=device-width, initial-scale=1, maximum-scale=1.0, user-scalable=no', 'title': 'Sana Safinaz Online Store', 'format-detection': 'telephone=no', 'facebook-domain-verification': '1df8ywuj73wsits2sz6ivgmmnq8hqn'}], 'cse_image': [{'src': 'https://www.sanasafinaz.com/static/version1719354004/frontend/RLTSquare/SanaSafinaz/en_US/images/S-SBlack.png'}]}",off,0.305004,1,"[{'src': 'https://encrypted-tbn0.gstatic.com/images?q=tbn:ANd9GcSScalD_qEKS2LCaD1Sp0aK-8cyTEzxF8yUva7TBmXd_q1s0jNul-hMIuw&s', 'width': '546', 'height': '92'}]","[{'viewport': 'width=device-width, initial-scale=1, maximum-scale=1.0, user-scalable=no', 'title': 'Sana Safinaz Online Store', 'format-detection': 'telephone=no', 'facebook-domain-verification': '1df8ywuj73wsits2sz6ivgmmnq8hqn'}]",[{'src': 'https://www.sanasafinaz.com/static/version1719354004/frontend/RLTSquare/SanaSafinaz/en_US/images/S-SBlack.png'}],,,,"width=device-width, initial-scale=1, maximum-scale=1.0, user-scalable=no",Sana Safinaz Online Store,telephone=no,1df8ywuj73wsits2sz6ivgmmnq8hqn,,,,,,,,,,,,,,,,,,,,,,,,,,,,,,,,,,,,,,,,,,,,,
pk,sana safinaz branch,2,Sana Safinaz on LinkedIn: Location: Gujranwala Designation ...,"Dec 18, 2023 ... Location: Gujranwala Designation: Assistant Branch Manager Last date to apply: 21st December, 2023.",www.linkedin.com,https://www.linkedin.com/posts/sana-safinaz-878a23b2_location-gujranwala-designation-assistant-activity-7142776751188856833-1NNS,2024-06-26 21:24:17.714730+00:00,102000,10,aiseoapp,65ad0787cb9c54f76,0.31,"102,000",https://www.linkedin.com/.../sana-safinaz-878a23b2_location-gujranwala-d...,https://www.linkedin.com/.../<b>sana</b>-<b>safinaz</b>-878a23b2_location-gujranwala-d...,"Dec 18, 2023 <b>...</b> Location: Gujranwala Designation: Assistant <b>Branch</b> Manager Last date to apply: 21st December, 2023.",<b>Sana Safinaz</b> on LinkedIn: Location: Gujranwala Designation ...,utf8,customsearch#result,utf8,"{'cse_thumbnail': [{'src': 'https://encrypted-tbn0.gstatic.com/images?q=tbn:ANd9GcTgfaeyk2H7LxyacKQF3reP5JUd5L_Sy2XYMNqiq7M0hPsIHoeqgsVK3cs&s', 'width': '225', 'height': '225'}], 'metatags': [{'og:image': 'https://media.licdn.com/dms/image/D4D22AQHogna3mcr_PQ/feedshare-shrink_800/0/1695635582237?e=2147483647&v=beta&t=4sfV91lmkh1ll4k8OVPgC36F2DtsL3XKQoVnkVzAZlc', 'twitter:title': 'Sana Safinaz on LinkedIn: Location: Gujranwala\nDesignation: Assistant Branch Manager\nLast date toâ€¦', 'twitter:card': 'summary_large_image', 'og:type': 'article', 'al:ios:app_name': 'LinkedIn', 'twitter:url': 'https://www.linkedin.com/posts/sana-safinaz-878a23b2_location-gujranwala-designation-assistant-activity-7142776751188856833-1NNS', 'og:title': 'Sana Safinaz on LinkedIn: Location: Gujranwala\nDesignation: Assistant Branch Manager\nLast date toâ€¦', 'al:android:package': 'com.linkedin.android', 'pagekey': 'p_public_post', 'locale': 'en_US', 'al:ios:url': 'https://www.linkedin.com/posts/sana-safinaz-878a23b2_location-gujranwala-designation-assistant-activity-7142776751188856833-1NNS', 'og:description': 'Location: Gujranwala\nDesignation: Assistant Branch Manager\nLast date to apply: 21st December, 2023', 'al:ios:app_store_id': '288429040', 'twitter:image': 'https://media.licdn.com/dms/image/D4D22AQHogna3mcr_PQ/feedshare-shrink_800/0/1695635582237?e=2147483647&v=beta&t=4sfV91lmkh1ll4k8OVPgC36F2DtsL3XKQoVnkVzAZlc', 'al:android:url': 'https://www.linkedin.com/posts/sana-safinaz-878a23b2_location-gujranwala-designation-assistant-activity-7142776751188856833-1NNS', 'lnkd:url': 'https://www.linkedin.com/feed/update/urn:li:activity:7142776751188856833', 'twitter:site': '@linkedin', 'viewport': 'width=device-width, initial-scale=1.0', 'twitter:description': 'Location: Gujranwala\nDesignation: Assistant Branch Manager\nLast date to apply: 21st December, 2023', 'og:url': 'https://www.linkedin.com/posts/sana-safinaz-878a23b2_location-gujranwala-designation-assistant-activity-7142776751188856833-1NNS', 'al:android:app_name': 'LinkedIn'}], 'cse_image': [{'src': 'https://media.licdn.com/dms/image/D4D22AQHogna3mcr_PQ/feedshare-shrink_800/0/1695635582237?e=2147483647&v=beta&t=4sfV91lmkh1ll4k8OVPgC36F2DtsL3XKQoVnkVzAZlc'}]}",off,0.305004,1,"[{'src': 'https://encrypted-tbn0.gstatic.com/images?q=tbn:ANd9GcTgfaeyk2H7LxyacKQF3reP5JUd5L_Sy2XYMNqiq7M0hPsIHoeqgsVK3cs&s', 'width': '225', 'height': '225'}]","[{'og:image': 'https://media.licdn.com/dms/image/D4D22AQHogna3mcr_PQ/feedshare-shrink_800/0/1695635582237?e=2147483647&v=beta&t=4sfV91lmkh1ll4k8OVPgC36F2DtsL3XKQoVnkVzAZlc', 'twitter:title': 'Sana Safinaz on LinkedIn: Location: Gujranwala\nDesignation: Assistant Branch Manager\nLast date toâ€¦', 'twitter:card': 'summary_large_image', 'og:type': 'article', 'al:ios:app_name': 'LinkedIn', 'twitter:url': 'https://www.linkedin.com/posts/sana-safinaz-878a23b2_location-gujranwala-designation-assistant-activity-7142776751188856833-1NNS', 'og:title': 'Sana Safinaz on LinkedIn: Location: Gujranwala\nDesignation: Assistant Branch Manager\nLast date toâ€¦', 'al:android:package': 'com.linkedin.android', 'pagekey': 'p_public_post', 'locale': 'en_US', 'al:ios:url': 'https://www.linkedin.com/posts/sana-safinaz-878a23b2_location-gujranwala-designation-assistant-activity-7142776751188856833-1NNS', 'og:description': 'Location: Gujranwala\nDesignation: Assistant Branch Manager\nLast date to apply: 21st December, 2023', 'al:ios:app_store_id': '288429040', 'twitter:image': 'https://media.licdn.com/dms/image/D4D22AQHogna3mcr_PQ/feedshare-shrink_800/0/1695635582237?e=2147483647&v=beta&t=4sfV91lmkh1ll4k8OVPgC36F2DtsL3XKQoVnkVzAZlc', 'al:android:url': 'https://www.linkedin.com/posts/sana-safinaz-878a23b2_location-gujranwala-designation-assistant-activity-7142776751188856833-1NNS', 'lnkd:url': 'https://www.linkedin.com/feed/update/urn:li:activity:7142776751188856833', 'twitter:site': '@linkedin', 'viewport': 'width=device-width, initial-scale=1.0', 'twitter:description': 'Location: Gujranwala\nDesignation: Assistant Branch Manager\nLast date to apply: 21st December, 2023', 'og:url': 'https://www.linkedin.com/posts/sana-safinaz-878a23b2_location-gujranwala-designation-assistant-activity-7142776751188856833-1NNS', 'al:android:app_name': 'LinkedIn'}]",[{'src': 'https://media.licdn.com/dms/image/D4D22AQHogna3mcr_PQ/feedshare-shrink_800/0/1695635582237?e=2147483647&v=beta&t=4sfV91lmkh1ll4k8OVPgC36F2DtsL3XKQoVnkVzAZlc'}],,,,"width=device-width, initial-scale=1.0",,,,https://media.licdn.com/dms/image/D4D22AQHogna3mcr_PQ/feedshare-shrink_800/0/1695635582237?e=2147483647&v=beta&t=4sfV91lmkh1ll4k8OVPgC36F2DtsL3XKQoVnkVzAZlc,,article,LinkedIn,"Sana Safinaz on LinkedIn: Location: Gujranwala
Designation: Assistant Branch Manager
Last date toâ€¦",com.linkedin.android,,https://www.linkedin.com/posts/sana-safinaz-878a23b2_location-gujranwala-designation-assistant-activity-7142776751188856833-1NNS,,"Location: Gujranwala
Designation: Assistant Branch Manager
Last date to apply: 21st December, 2023",288429040,https://www.linkedin.com/posts/sana-safinaz-878a23b2_location-gujranwala-designation-assistant-activity-7142776751188856833-1NNS,,,https://www.linkedin.com/posts/sana-safinaz-878a23b2_location-gujranwala-designation-assistant-activity-7142776751188856833-1NNS,LinkedIn,,summary_large_image,https://media.licdn.com/dms/image/D4D22AQHogna3mcr_PQ/feedshare-shrink_800/0/1695635582237?e=2147483647&v=beta&t=4sfV91lmkh1ll4k8OVPgC36F2DtsL3XKQoVnkVzAZlc,,@linkedin,,"Sana Safinaz on LinkedIn: Location: Gujranwala
Designation: Assistant Branch Manager
Last date toâ€¦",,,"Location: Gujranwala
Designation: Assistant Branch Manager
Last date to apply: 21st December, 2023",,,,,,,https://www.linkedin.com/posts/sana-safinaz-878a23b2_location-gujranwala-designation-assistant-activity-7142776751188856833-1NNS,p_public_post,en_US,https://www.linkedin.com/feed/update/urn:li:activity:7142776751188856833,,,,,,,,,
pk,sana safinaz branch,3,Sana Safinaz,The store will not work correctly in the case when cookies are disabled. ... sanasafinaz. Search. Search. Search. Track Order. Select Country. Pakistan; EuropeÂ ...,www.sanasafinaz.com,https://www.sanasafinaz.com/,2024-06-26 21:24:17.714730+00:00,102000,10,aiseoapp,65ad0787cb9c54f76,0.31,"102,000",https://www.sanasafinaz.com/,https://www.<b>sanasafinaz</b>.com/,The <b>store</b> will not work correctly in the case when cookies are disabled. ... <b>sanasafinaz</b>. Search. Search. Search. Track Order. Select Country. Pakistan; Europe&nbsp;...,<b>Sana Safinaz</b>,utf8,customsearch#result,utf8,"{'cse_thumbnail': [{'src': 'https://encrypted-tbn0.gstatic.com/images?q=tbn:ANd9GcSWsOn5fYPt5taC591-3ycUlTv6b4uC76Ei49mVXNquq6IiByshcla5K0k&s', 'width': '546', 'height': '92'}], 'metatags': [{'viewport': 'width=device-width, initial-scale=1, maximum-scale=1.0, user-scalable=no', 'title': 'Select Country', 'format-detection': 'telephone=no', 'facebook-domain-verification': '1df8ywuj73wsits2sz6ivgmmnq8hqn'}], 'cse_image': [{'src': 'https://www.sanasafinaz.com/static/version1718044117/frontend/RLTSquare/SanaSafinaz/en_US/images/S-SBlack.png'}]}",off,0.305004,1,"[{'src': 'https://encrypted-tbn0.gstatic.com/images?q=tbn:ANd9GcSWsOn5fYPt5taC591-3ycUlTv6b4uC76Ei49mVXNquq6IiByshcla5K0k&s', 'width': '546', 'height': '92'}]","[{'viewport': 'width=device-width, initial-scale=1, maximum-scale=1.0, user-scalable=no', 'title': 'Select Country', 'format-detection': 'telephone=no', 'facebook-domain-verification': '1df8ywuj73wsits2sz6ivgmmnq8hqn'}]",[{'src': 'https://www.sanasafinaz.com/static/version1718044117/frontend/RLTSquare/SanaSafinaz/en_US/images/S-SBlack.png'}],,,,"width=device-width, initial-scale=1, maximum-scale=1.0, user-scalable=no",Select Country,telephone=no,1df8ywuj73wsits2sz6ivgmmnq8hqn,,,,,,,,,,,,,,,,,,,,,,,,,,,,,,,,,,,,,,,,,,,,,
pk,sana safinaz branch,4,Sana Safinaz posted on LinkedIn,"Jun 24, 2019 ... Location: Lahore Apply now at careers@sanasafinaz.com and tameem.khalid@sanasafinaz.com with the position ""Assistant Branch Manager - Lahore"" inÂ ...",www.linkedin.com,https://www.linkedin.com/posts/sana-safinaz-878a23b2_activity-6549161113789972480-9Ass?trk=public_profile_like_view,2024-06-26 21:24:17.714730+00:00,102000,10,aiseoapp,65ad0787cb9c54f76,0.31,"102,000",https://www.linkedin.com/.../sana-safinaz-878a23b2_activity-65491611137...,https://www.linkedin.com/.../<b>sana</b>-<b>safinaz</b>-878a23b2_activity-65491611137...,"Jun 24, 2019 <b>...</b> Location: Lahore Apply now at careers@<b>sanasafinaz</b>.com and tameem.khalid@<b>sanasafinaz</b>.com with the position &quot;Assistant <b>Branch</b> Manager - Lahore&quot; in&nbsp;...",<b>Sana Safinaz</b> posted on LinkedIn,utf8,customsearch#result,utf8,"{'cse_thumbnail': [{'src': 'https://encrypted-tbn0.gstatic.com/images?q=tbn:ANd9GcSf3Omxeto0ASnb2DxT1r2wOz5lqo6C5maUdZuwslWfrXHgakWabPOUwHQ&s', 'width': '203', 'height': '248'}], 'metatags': [{'og:image': 'https://media.licdn.com/dms/image/C4D22AQGXqWSZqlT_sA/feedshare-shrink_2048_1536/0/1573380519643?e=2147483647&v=beta&t=e0H-9wi6junO2rb7eJ9mpBIz2rt4UyZ-Bzw8Qd5ToSo', 'twitter:title': 'Sana Safinaz posted on LinkedIn', 'twitter:card': 'summary_large_image', 'og:type': 'article', 'al:ios:app_name': 'LinkedIn', 'twitter:url': 'https://www.linkedin.com/posts/sana-safinaz-878a23b2_activity-6549161113789972480-9Ass', 'og:title': 'Sana Safinaz posted on LinkedIn', 'al:android:package': 'com.linkedin.android', 'pagekey': 'p_public_post', 'locale': 'en_US', 'al:ios:url': 'https://www.linkedin.com/posts/sana-safinaz-878a23b2_activity-6549161113789972480-9Ass', 'og:description': 'Sana Safinaz posted images on LinkedIn', 'al:ios:app_store_id': '288429040', 'twitter:image': 'https://media.licdn.com/dms/image/C4D22AQGXqWSZqlT_sA/feedshare-shrink_2048_1536/0/1573380519643?e=2147483647&v=beta&t=e0H-9wi6junO2rb7eJ9mpBIz2rt4UyZ-Bzw8Qd5ToSo', 'al:android:url': 'https://www.linkedin.com/posts/sana-safinaz-878a23b2_activity-6549161113789972480-9Ass', 'lnkd:url': 'https://www.linkedin.com/feed/update/urn:li:activity:6549161113789972480', 'twitter:site': '@linkedin', 'viewport': 'width=device-width, initial-scale=1.0', 'twitter:description': 'Sana Safinaz posted images on LinkedIn', 'og:url': 'https://www.linkedin.com/posts/sana-safinaz-878a23b2_activity-6549161113789972480-9Ass', 'al:android:app_name': 'LinkedIn'}], 'cse_image': [{'src': 'https://media.licdn.com/dms/image/C4D22AQGXqWSZqlT_sA/feedshare-shrink_2048_1536/0/1573380519643?e=2147483647&v=beta&t=e0H-9wi6junO2rb7eJ9mpBIz2rt4UyZ-Bzw8Qd5ToSo'}]}",off,0.305004,1,"[{'src': 'https://encrypted-tbn0.gstatic.com/images?q=tbn:ANd9GcSf3Omxeto0ASnb2DxT1r2wOz5lqo6C5maUdZuwslWfrXHgakWabPOUwHQ&s', 'width': '203', 'height': '248'}]","[{'og:image': 'https://media.licdn.com/dms/image/C4D22AQGXqWSZqlT_sA/feedshare-shrink_2048_1536/0/1573380519643?e=2147483647&v=beta&t=e0H-9wi6junO2rb7eJ9mpBIz2rt4UyZ-Bzw8Qd5ToSo', 'twitter:title': 'Sana Safinaz posted on LinkedIn', 'twitter:card': 'summary_large_image', 'og:type': 'article', 'al:ios:app_name': 'LinkedIn', 'twitter:url': 'https://www.linkedin.com/posts/sana-safinaz-878a23b2_activity-6549161113789972480-9Ass', 'og:title': 'Sana Safinaz posted on LinkedIn', 'al:android:package': 'com.linkedin.android', 'pagekey': 'p_public_post', 'locale': 'en_US', 'al:ios:url': 'https://www.linkedin.com/posts/sana-safinaz-878a23b2_activity-6549161113789972480-9Ass', 'og:description': 'Sana Safinaz posted images on LinkedIn', 'al:ios:app_store_id': '288429040', 'twitter:image': 'https://media.licdn.com/dms/image/C4D22AQGXqWSZqlT_sA/feedshare-shrink_2048_1536/0/1573380519643?e=2147483647&v=beta&t=e0H-9wi6junO2rb7eJ9mpBIz2rt4UyZ-Bzw8Qd5ToSo', 'al:android:url': 'https://www.linkedin.com/posts/sana-safinaz-878a23b2_activity-6549161113789972480-9Ass', 'lnkd:url': 'https://www.linkedin.com/feed/update/urn:li:activity:6549161113789972480', 'twitter:site': '@linkedin', 'viewport': 'width=device-width, initial-scale=1.0', 'twitter:description': 'Sana Safinaz posted images on LinkedIn', 'og:url': 'https://www.linkedin.com/posts/sana-safinaz-878a23b2_activity-6549161113789972480-9Ass', 'al:android:app_name': 'LinkedIn'}]",[{'src': 'https://media.licdn.com/dms/image/C4D22AQGXqWSZqlT_sA/feedshare-shrink_2048_1536/0/1573380519643?e=2147483647&v=beta&t=e0H-9wi6junO2rb7eJ9mpBIz2rt4UyZ-Bzw8Qd5ToSo'}],,,,"width=device-width, initial-scale=1.0",,,,https://media.licdn.com/dms/image/C4D22AQGXqWSZqlT_sA/feedshare-shrink_2048_1536/0/1573380519643?e=2147483647&v=beta&t=e0H-9wi6junO2rb7eJ9mpBIz2rt4UyZ-Bzw8Qd5ToSo,,article,LinkedIn,Sana Safinaz posted on LinkedIn,com.linkedin.android,,https://www.linkedin.com/posts/sana-safinaz-878a23b2_activity-6549161113789972480-9Ass,,Sana Safinaz posted images on LinkedIn,288429040,https://www.linkedin.com/posts/sana-safinaz-878a23b2_activity-6549161113789972480-9Ass,,,https://www.linkedin.com/posts/sana-safinaz-878a23b2_activity-6549161113789972480-9Ass,LinkedIn,,summary_large_image,https://media.licdn.com/dms/image/C4D22AQGXqWSZqlT_sA/feedshare-shrink_2048_1536/0/1573380519643?e=2147483647&v=beta&t=e0H-9wi6junO2rb7eJ9mpBIz2rt4UyZ-Bzw8Qd5ToSo,,@linkedin,,Sana Safinaz posted on LinkedIn,,,Sana Safinaz posted images on LinkedIn,,,,,,,https://www.linkedin.com/posts/sana-safinaz-878a23b2_activity-6549161113789972480-9Ass,p_public_post,en_US,https://www.linkedin.com/feed/update/urn:li:activity:6549161113789972480,,,,,,,,,
pk,sana safinaz branch,5,Store Locator,"Karachi. Dolmen Mall Clifton F-20, 1st Floor, DOLMEN MALL, Clifton, Block-4, Karachi. 021-35294053 Â· dmc.khi@sanasafinaz.com. Tariq Road Shop.#.10, Plot.",www.sanasafinaz.com,https://www.sanasafinaz.com/pk/store-locators,2024-06-26 21:24:17.714730+00:00,102000,10,aiseoapp,65ad0787cb9c54f76,0.31,"102,000",https://www.sanasafinaz.com/pk/store-locators,https://www.<b>sanasafinaz</b>.com/pk/store-locators,"Karachi. Dolmen Mall Clifton F-20, 1st Floor, DOLMEN MALL, Clifton, Block-4, Karachi. 021-35294053 &middot; dmc.khi@<b>sanasafinaz</b>.com. Tariq Road <b>Shop</b>.#.10, Plot.",<b>Store</b> Locator,utf8,customsearch#result,utf8,"{'cse_thumbnail': [{'src': 'https://encrypted-tbn0.gstatic.com/images?q=tbn:ANd9GcSWsOn5fYPt5taC591-3ycUlTv6b4uC76Ei49mVXNquq6IiByshcla5K0k&s', 'width': '546', 'height': '92'}], 'metatags': [{'viewport': 'width=device-width, initial-scale=1, maximum-scale=1.0, user-scalable=no', 'title': 'Store Locator', 'format-detection': 'telephone=no', 'facebook-domain-verification': '1df8ywuj73wsits2sz6ivgmmnq8hqn'}], 'cse_image': [{'src': 'https://www.sanasafinaz.com/static/version1718044117/frontend/RLTSquare/SanaSafinaz/en_US/images/S-SBlack.png'}]}",off,0.305004,1,"[{'src': 'https://encrypted-tbn0.gstatic.com/images?q=tbn:ANd9GcSWsOn5fYPt5taC591-3ycUlTv6b4uC76Ei49mVXNquq6IiByshcla5K0k&s', 'width': '546', 'height': '92'}]","[{'viewport': 'width=device-width, initial-scale=1, maximum-scale=1.0, user-scalable=no', 'title': 'Store Locator', 'format-detection': 'telephone=no', 'facebook-domain-verification': '1df8ywuj73wsits2sz6ivgmmnq8hqn'}]",[{'src': 'https://www.sanasafinaz.com/static/version1718044117/frontend/RLTSquare/SanaSafinaz/en_US/images/S-SBlack.png'}],,,,"width=device-width, initial-scale=1, maximum-scale=1.0, user-scalable=no",Store Locator,telephone=no,1df8ywuj73wsits2sz6ivgmmnq8hqn,,,,,,,,,,,,,,,,,,,,,,,,,,,,,,,,,,,,,,,,,,,,,
pk,sana safinaz branch,6,Sana Safinaz on LinkedIn: #retail #sanasafinaz #job #vacancy ...,"Jan 5, 2023 ... Location: Faisalabad Apply now at careers.retail@sanasafinaz.com and tameem.khalid@sanasafinaz.com with the position ""Store Manager Faisalabad""Â ...",www.linkedin.com,https://www.linkedin.com/posts/sana-safinaz-878a23b2_retail-sanasafinaz-job-activity-7016703856365461504--WoR,2024-06-26 21:24:17.714730+00:00,102000,10,aiseoapp,65ad0787cb9c54f76,0.31,"102,000",https://www.linkedin.com/.../sana-safinaz-878a23b2_retail-sanasafinaz-job-...,https://www.linkedin.com/.../<b>sana</b>-<b>safinaz</b>-878a23b2_retail-<b>sanasafinaz</b>-job-...,"Jan 5, 2023 <b>...</b> Location: Faisalabad Apply now at careers.retail@<b>sanasafinaz</b>.com and tameem.khalid@<b>sanasafinaz</b>.com with the position &quot;<b>Store</b> Manager Faisalabad&quot;&nbsp;...",<b>Sana Safinaz</b> on LinkedIn: #retail #<b>sanasafinaz</b> #job #vacancy ...,utf8,customsearch#result,utf8,"{'cse_thumbnail': [{'src': 'https://encrypted-tbn0.gstatic.com/images?q=tbn:ANd9GcTk3w4RhlZl46g0O0ajZlxYVK6MB6Uyn-ZpmpCVHukvxptqAmYl6R_eTt3P&s', 'width': '225', 'height': '225'}], 'metatags': [{'og:image': 'https://media.licdn.com/dms/image/C4D22AQEKiFcKAhswtA/feedshare-shrink_800/0/1672912562684?e=2147483647&v=beta&t=kCM7rf4VytUhxnrMa_m0aegArFwlqi0eJ3GHcx-O3JA', 'twitter:title': 'Sana Safinaz on LinkedIn: #retail #sanasafinaz #job #vacancy #storemanager #karachi', 'twitter:card': 'summary_large_image', 'og:type': 'article', 'al:ios:app_name': 'LinkedIn', 'twitter:url': 'https://www.linkedin.com/posts/sana-safinaz-878a23b2_retail-sanasafinaz-job-activity-7016703856365461504--WoR', 'og:title': 'Sana Safinaz on LinkedIn: #retail #sanasafinaz #job #vacancy #storemanager #karachi', 'al:android:package': 'com.linkedin.android', 'pagekey': 'p_public_post', 'locale': 'en_US', 'al:ios:url': 'https://www.linkedin.com/posts/sana-safinaz-878a23b2_retail-sanasafinaz-job-activity-7016703856365461504--WoR', 'og:description': '#Retail\xa0#SanaSafinaz\xa0#Job\xa0#Vacancy\xa0#StoreManager\xa0#karachi', 'al:ios:app_store_id': '288429040', 'twitter:image': 'https://media.licdn.com/dms/image/C4D22AQEKiFcKAhswtA/feedshare-shrink_800/0/1672912562684?e=2147483647&v=beta&t=kCM7rf4VytUhxnrMa_m0aegArFwlqi0eJ3GHcx-O3JA', 'al:android:url': 'https://www.linkedin.com/posts/sana-safinaz-878a23b2_retail-sanasafinaz-job-activity-7016703856365461504--WoR', 'lnkd:url': 'https://www.linkedin.com/feed/update/urn:li:activity:7016703856365461504', 'twitter:site': '@linkedin', 'viewport': 'width=device-width, initial-scale=1.0', 'twitter:description': '#Retail\xa0#SanaSafinaz\xa0#Job\xa0#Vacancy\xa0#StoreManager\xa0#karachi', 'og:url': 'https://www.linkedin.com/posts/sana-safinaz-878a23b2_retail-sanasafinaz-job-activity-7016703856365461504--WoR', 'al:android:app_name': 'LinkedIn'}], 'cse_image': [{'src': 'https://media.licdn.com/dms/image/C4D22AQEKiFcKAhswtA/feedshare-shrink_800/0/1672912562684?e=2147483647&v=beta&t=kCM7rf4VytUhxnrMa_m0aegArFwlqi0eJ3GHcx-O3JA'}]}",off,0.305004,1,"[{'src': 'https://encrypted-tbn0.gstatic.com/images?q=tbn:ANd9GcTk3w4RhlZl46g0O0ajZlxYVK6MB6Uyn-ZpmpCVHukvxptqAmYl6R_eTt3P&s', 'width': '225', 'height': '225'}]","[{'og:image': 'https://media.licdn.com/dms/image/C4D22AQEKiFcKAhswtA/feedshare-shrink_800/0/1672912562684?e=2147483647&v=beta&t=kCM7rf4VytUhxnrMa_m0aegArFwlqi0eJ3GHcx-O3JA', 'twitter:title': 'Sana Safinaz on LinkedIn: #retail #sanasafinaz #job #vacancy #storemanager #karachi', 'twitter:card': 'summary_large_image', 'og:type': 'article', 'al:ios:app_name': 'LinkedIn', 'twitter:url': 'https://www.linkedin.com/posts/sana-safinaz-878a23b2_retail-sanasafinaz-job-activity-7016703856365461504--WoR', 'og:title': 'Sana Safinaz on LinkedIn: #retail #sanasafinaz #job #vacancy #storemanager #karachi', 'al:android:package': 'com.linkedin.android', 'pagekey': 'p_public_post', 'locale': 'en_US', 'al:ios:url': 'https://www.linkedin.com/posts/sana-safinaz-878a23b2_retail-sanasafinaz-job-activity-7016703856365461504--WoR', 'og:description': '#Retail\xa0#SanaSafinaz\xa0#Job\xa0#Vacancy\xa0#StoreManager\xa0#karachi', 'al:ios:app_store_id': '288429040', 'twitter:image': 'https://media.licdn.com/dms/image/C4D22AQEKiFcKAhswtA/feedshare-shrink_800/0/1672912562684?e=2147483647&v=beta&t=kCM7rf4VytUhxnrMa_m0aegArFwlqi0eJ3GHcx-O3JA', 'al:android:url': 'https://www.linkedin.com/posts/sana-safinaz-878a23b2_retail-sanasafinaz-job-activity-7016703856365461504--WoR', 'lnkd:url': 'https://www.linkedin.com/feed/update/urn:li:activity:7016703856365461504', 'twitter:site': '@linkedin', 'viewport': 'width=device-width, initial-scale=1.0', 'twitter:description': '#Retail\xa0#SanaSafinaz\xa0#Job\xa0#Vacancy\xa0#StoreManager\xa0#karachi', 'og:url': 'https://www.linkedin.com/posts/sana-safinaz-878a23b2_retail-sanasafinaz-job-activity-7016703856365461504--WoR', 'al:android:app_name': 'LinkedIn'}]",[{'src': 'https://media.licdn.com/dms/image/C4D22AQEKiFcKAhswtA/feedshare-shrink_800/0/1672912562684?e=2147483647&v=beta&t=kCM7rf4VytUhxnrMa_m0aegArFwlqi0eJ3GHcx-O3JA'}],,,,"width=device-width, initial-scale=1.0",,,,https://media.licdn.com/dms/image/C4D22AQEKiFcKAhswtA/feedshare-shrink_800/0/1672912562684?e=2147483647&v=beta&t=kCM7rf4VytUhxnrMa_m0aegArFwlqi0eJ3GHcx-O3JA,,article,LinkedIn,Sana Safinaz on LinkedIn: #retail #sanasafinaz #job #vacancy #storemanager #karachi,com.linkedin.android,,https://www.linkedin.com/posts/sana-safinaz-878a23b2_retail-sanasafinaz-job-activity-7016703856365461504--WoR,,#RetailÂ #SanaSafinazÂ #JobÂ #VacancyÂ #StoreManagerÂ #karachi,288429040,https://www.linkedin.com/posts/sana-safinaz-878a23b2_retail-sanasafinaz-job-activity-7016703856365461504--WoR,,,https://www.linkedin.com/posts/sana-safinaz-878a23b2_retail-sanasafinaz-job-activity-7016703856365461504--WoR,LinkedIn,,summary_large_image,https://media.licdn.com/dms/image/C4D22AQEKiFcKAhswtA/feedshare-shrink_800/0/1672912562684?e=2147483647&v=beta&t=kCM7rf4VytUhxnrMa_m0aegArFwlqi0eJ3GHcx-O3JA,,@linkedin,,Sana Safinaz on LinkedIn: #retail #sanasafinaz #job #vacancy #storemanager #karachi,,,#RetailÂ #SanaSafinazÂ #JobÂ #VacancyÂ #StoreManagerÂ #karachi,,,,,,,https://www.linkedin.com/posts/sana-safinaz-878a23b2_retail-sanasafinaz-job-activity-7016703856365461504--WoR,p_public_post,en_US,https://www.linkedin.com/feed/update/urn:li:activity:7016703856365461504,,,,,,,,,
pk,sana safinaz branch,7,Stores,Sana Safinaz Store Locator.,www.sanasafinaz.com,https://www.sanasafinaz.com/pk/stores,2024-06-26 21:24:17.714730+00:00,102000,10,aiseoapp,65ad0787cb9c54f76,0.31,"102,000",https://www.sanasafinaz.com/pk/stores,https://www.<b>sanasafinaz</b>.com/pk/stores,<b>Sana Safinaz Store</b> Locator.,<b>Stores</b>,utf8,customsearch#result,utf8,"{'cse_thumbnail': [{'src': 'https://encrypted-tbn0.gstatic.com/images?q=tbn:ANd9GcSScalD_qEKS2LCaD1Sp0aK-8cyTEzxF8yUva7TBmXd_q1s0jNul-hMIuw&s', 'width': '546', 'height': '92'}], 'metatags': [{'viewport': 'width=device-width, initial-scale=1, maximum-scale=1.0, user-scalable=no', 'title': 'Stores', 'format-detection': 'telephone=no', 'facebook-domain-verification': '1df8ywuj73wsits2sz6ivgmmnq8hqn'}], 'cse_image': [{'src': 'https://www.sanasafinaz.com/static/version1719354004/frontend/RLTSquare/SanaSafinaz/en_US/images/S-SBlack.png'}]}",off,0.305004,1,"[{'src': 'https://encrypted-tbn0.gstatic.com/images?q=tbn:ANd9GcSScalD_qEKS2LCaD1Sp0aK-8cyTEzxF8yUva7TBmXd_q1s0jNul-hMIuw&s', 'width': '546', 'height': '92'}]","[{'viewport': 'width=device-width, initial-scale=1, maximum-scale=1.0, user-scalable=no', 'title': 'Stores', 'format-detection': 'telephone=no', 'facebook-domain-verification': '1df8ywuj73wsits2sz6ivgmmnq8hqn'}]",[{'src': 'https://www.sanasafinaz.com/static/version1719354004/frontend/RLTSquare/SanaSafinaz/en_US/images/S-SBlack.png'}],,,,"width=device-width, initial-scale=1, maximum-scale=1.0, user-scalable=no",Stores,telephone=no,1df8ywuj73wsits2sz6ivgmmnq8hqn,,,,,,,,,,,,,,,,,,,,,,,,,,,,,,,,,,,,,,,,,,,,,
pk,sana safinaz branch,8,Sana Safinaz on LinkedIn: #sanasafinaz #managerstores ...,"Nov 7, 2022 ... Sana Safinaz is looking for the position of â€œManager Storesâ€ at Site Production Unit ... Location: Gujranwala Designation: Assistant BranchÂ ...",www.linkedin.com,https://www.linkedin.com/posts/sana-safinaz-878a23b2_sanasafinaz-managerstores-warehousing-activity-6995648825071685632-tLRI,2024-06-26 21:24:17.714730+00:00,102000,10,aiseoapp,65ad0787cb9c54f76,0.31,"102,000",https://www.linkedin.com/.../sana-safinaz-878a23b2_sanasafinaz-managerst...,https://www.linkedin.com/.../<b>sana</b>-<b>safinaz</b>-878a23b2_<b>sanasafinaz</b>-managerst...,"Nov 7, 2022 <b>...</b> <b>Sana Safinaz</b> is looking for the position of â€œManager <b>Stores</b>â€ at Site Production Unit ... Location: Gujranwala Designation: Assistant <b>Branch</b>&nbsp;...",<b>Sana Safinaz</b> on LinkedIn: #<b>sanasafinaz</b> #managerstores ...,utf8,customsearch#result,utf8,"{'cse_thumbnail': [{'src': 'https://encrypted-tbn0.gstatic.com/images?q=tbn:ANd9GcReZZwU-Nj7Psst_HLlTt1mnnJPzL2RWdkIan0Ee9L-u1pereMyh2NU5lc&s', 'width': '297', 'height': '170'}], 'metatags': [{'og:image': 'https://static.licdn.com/aero-v1/sc/h/c45fy346jw096z9pbphyyhdz7', 'twitter:title': 'Sana Safinaz on LinkedIn: #sanasafinaz #managerstores #warehousing #retailfashion #fashion #karachi', 'twitter:card': 'summary_large_image', 'og:type': 'article', 'al:ios:app_name': 'LinkedIn', 'twitter:url': 'https://www.linkedin.com/posts/sana-safinaz-878a23b2_sanasafinaz-managerstores-warehousing-activity-6995648825071685632-tLRI', 'og:title': 'Sana Safinaz on LinkedIn: #sanasafinaz #managerstores #warehousing #retailfashion #fashion #karachi', 'al:android:package': 'com.linkedin.android', 'pagekey': 'p_public_post', 'locale': 'en_US', 'al:ios:url': 'https://www.linkedin.com/posts/sana-safinaz-878a23b2_sanasafinaz-managerstores-warehousing-activity-6995648825071685632-tLRI', 'og:description': 'Sana Safinaz is looking for the position of â€œManager Storesâ€ at Site Production Unit.\xa0\n \n Job Description:\nÂ·\xa0\xa0\xa0\xa0\xa0\xa0\xa0Plan and manage stock movements from allâ€¦', 'al:ios:app_store_id': '288429040', 'twitter:image': 'https://static.licdn.com/aero-v1/sc/h/c45fy346jw096z9pbphyyhdz7', 'al:android:url': 'https://www.linkedin.com/posts/sana-safinaz-878a23b2_sanasafinaz-managerstores-warehousing-activity-6995648825071685632-tLRI', 'lnkd:url': 'https://www.linkedin.com/feed/update/urn:li:activity:6995648825071685632', 'twitter:site': '@linkedin', 'viewport': 'width=device-width, initial-scale=1.0', 'twitter:description': 'Sana Safinaz is looking for the position of â€œManager Storesâ€ at Site Production Unit.\xa0\n \n Job Description:\nÂ·\xa0\xa0\xa0\xa0\xa0\xa0\xa0Plan and manage stock movements from allâ€¦', 'og:url': 'https://www.linkedin.com/posts/sana-safinaz-878a23b2_sanasafinaz-managerstores-warehousing-activity-6995648825071685632-tLRI', 'al:android:app_name': 'LinkedIn'}], 'cse_image': [{'src': 'https://static.licdn.com/aero-v1/sc/h/c45fy346jw096z9pbphyyhdz7'}]}",off,0.305004,1,"[{'src': 'https://encrypted-tbn0.gstatic.com/images?q=tbn:ANd9GcReZZwU-Nj7Psst_HLlTt1mnnJPzL2RWdkIan0Ee9L-u1pereMyh2NU5lc&s', 'width': '297', 'height': '170'}]","[{'og:image': 'https://static.licdn.com/aero-v1/sc/h/c45fy346jw096z9pbphyyhdz7', 'twitter:title': 'Sana Safinaz on LinkedIn: #sanasafinaz #managerstores #warehousing #retailfashion #fashion #karachi', 'twitter:card': 'summary_large_image', 'og:type': 'article', 'al:ios:app_name': 'LinkedIn', 'twitter:url': 'https://www.linkedin.com/posts/sana-safinaz-878a23b2_sanasafinaz-managerstores-warehousing-activity-6995648825071685632-tLRI', 'og:title': 'Sana Safinaz on LinkedIn: #sanasafinaz #managerstores #warehousing #retailfashion #fashion #karachi', 'al:android:package': 'com.linkedin.android', 'pagekey': 'p_public_post', 'locale': 'en_US', 'al:ios:url': 'https://www.linkedin.com/posts/sana-safinaz-878a23b2_sanasafinaz-managerstores-warehousing-activity-6995648825071685632-tLRI', 'og:description': 'Sana Safinaz is looking for the position of â€œManager Storesâ€ at Site Production Unit.\xa0\n \n Job Description:\nÂ·\xa0\xa0\xa0\xa0\xa0\xa0\xa0Plan and manage stock movements from allâ€¦', 'al:ios:app_store_id': '288429040', 'twitter:image': 'https://static.licdn.com/aero-v1/sc/h/c45fy346jw096z9pbphyyhdz7', 'al:android:url': 'https://www.linkedin.com/posts/sana-safinaz-878a23b2_sanasafinaz-managerstores-warehousing-activity-6995648825071685632-tLRI', 'lnkd:url': 'https://www.linkedin.com/feed/update/urn:li:activity:6995648825071685632', 'twitter:site': '@linkedin', 'viewport': 'width=device-width, initial-scale=1.0', 'twitter:description': 'Sana Safinaz is looking for the position of â€œManager Storesâ€ at Site Production Unit.\xa0\n \n Job Description:\nÂ·\xa0\xa0\xa0\xa0\xa0\xa0\xa0Plan and manage stock movements from allâ€¦', 'og:url': 'https://www.linkedin.com/posts/sana-safinaz-878a23b2_sanasafinaz-managerstores-warehousing-activity-6995648825071685632-tLRI', 'al:android:app_name': 'LinkedIn'}]",[{'src': 'https://static.licdn.com/aero-v1/sc/h/c45fy346jw096z9pbphyyhdz7'}],,,,"width=device-width, initial-scale=1.0",,,,https://static.licdn.com/aero-v1/sc/h/c45fy346jw096z9pbphyyhdz7,,article,LinkedIn,Sana Safinaz on LinkedIn: #sanasafinaz #managerstores #warehousing #retailfashion #fashion #karachi,com.linkedin.android,,https://www.linkedin.com/posts/sana-safinaz-878a23b2_sanasafinaz-managerstores-warehousing-activity-6995648825071685632-tLRI,,"Sana Safinaz is looking for the position of â€œManager Storesâ€ at Site Production Unit.Â 
 
 Job Description:
Â·Â Â Â Â Â Â Â Plan and manage stock movements from allâ€¦",288429040,https://www.linkedin.com/posts/sana-safinaz-878a23b2_sanasafinaz-managerstores-warehousing-activity-6995648825071685632-tLRI,,,https://www.linkedin.com/posts/sana-safinaz-878a23b2_sanasafinaz-managerstores-warehousing-activity-6995648825071685632-tLRI,LinkedIn,,summary_large_image,https://static.licdn.com/aero-v1/sc/h/c45fy346jw096z9pbphyyhdz7,,@linkedin,,Sana Safinaz on LinkedIn: #sanasafinaz #managerstores #warehousing #retailfashion #fashion #karachi,,,"Sana Safinaz is looking for the position of â€œManager Storesâ€ at Site Production Unit.Â 
 
 Job Description:
Â·Â Â Â Â Â Â Â Plan and manage stock movements from allâ€¦",,,,,,,https://www.linkedin.com/posts/sana-safinaz-878a23b2_sanasafinaz-managerstores-warehousing-activity-6995648825071685632-tLRI,p_public_post,en_US,https://www.linkedin.com/feed/update/urn:li:activity:6995648825071685632,,,,,,,,,
pk,sana safinaz branch,9,Sana Safinaz,"Welcome to ''Sana Safinaz'' official Facebook page. Keep checking this space for updated trends, products and what's in store related information! ó±™¶.",www.facebook.com,https://www.facebook.com/sanasafinazpage/,2024-06-26 21:24:17.714730+00:00,102000,10,aiseoapp,65ad0787cb9c54f76,0.31,"102,000",https://www.facebook.com/sanasafinazpage/,https://www.facebook.com/<b>sanasafinaz</b>page/,"Welcome to &#39;&#39;<b>Sana Safinaz</b>&#39;&#39; official Facebook page. Keep checking this space for updated trends, products and what&#39;s in <b>store</b> related information! ó±™¶.",<b>Sana Safinaz</b>,utf8,customsearch#result,utf8,"{'cse_thumbnail': [{'src': 'https://encrypted-tbn0.gstatic.com/images?q=tbn:ANd9GcRprcYtcQDe8p99AZY75wljeFpl7XQrBduEr2vGEaABN5wxGo4JQAidikb2&s', 'width': '225', 'height': '225'}], 'SocialMediaPosting': [{}, {}, {}], 'metatags': [{'apple-itunes-app': 'app-id=284882215, app-argument=fb://profile/100053375679542', 'og:image': 'https://lookaside.fbsbx.com/lookaside/crawler/media/?media_id=100053375679542', 'twitter:card': 'summary', 'theme-color': '#FFFFFF', 'al:android:package': 'com.facebook.katana', 'al:ios:url': 'fb://profile/100053375679542', 'og:description': ""Sana Safinaz. 1,520,072 likes Â· 7,261 talking about this. Welcome to ''Sana Safinaz'' official Facebook page. Keep checking this space for updated trends, products and what's in store related..."", 'al:ios:app_store_id': '284882215', 'twitter:image': 'https://lookaside.fbsbx.com/lookaside/crawler/media/?media_id=100053375679542', 'twitter:image:alt': 'Sana Safinaz', 'twitter:site': '@facebookapp', 'og:type': 'video.other', 'og:image:alt': 'Sana Safinaz', 'twitter:title': 'Sana Safinaz', 'al:ios:app_name': 'Facebook', 'og:title': 'Sana Safinaz', 'google': 'notranslate', 'al:android:url': 'fb://profile/100053375679542', 'referrer': 'origin-when-crossorigin', 'viewport': 'width=device-width, initial-scale=1', 'twitter:description': ""Sana Safinaz. 1,520,072 likes Â· 7,261 talking about this. Welcome to ''Sana Safinaz'' official Facebook page. Keep checking this space for updated trends, products and what's in store related..."", 'og:locale': 'en_US', 'fb-version': '414.0.0.0.75:2541', 'og:url': 'https://www.facebook.com/sanasafinazpage/', 'al:android:app_name': 'Facebook'}], 'cse_image': [{'src': 'https://lookaside.fbsbx.com/lookaside/crawler/media/?media_id=100053375679542'}]}",off,0.305004,1,"[{'src': 'https://encrypted-tbn0.gstatic.com/images?q=tbn:ANd9GcRprcYtcQDe8p99AZY75wljeFpl7XQrBduEr2vGEaABN5wxGo4JQAidikb2&s', 'width': '225', 'height': '225'}]","[{'apple-itunes-app': 'app-id=284882215, app-argument=fb://profile/100053375679542', 'og:image': 'https://lookaside.fbsbx.com/lookaside/crawler/media/?media_id=100053375679542', 'twitter:card': 'summary', 'theme-color': '#FFFFFF', 'al:android:package': 'com.facebook.katana', 'al:ios:url': 'fb://profile/100053375679542', 'og:description': ""Sana Safinaz. 1,520,072 likes Â· 7,261 talking about this. Welcome to ''Sana Safinaz'' official Facebook page. Keep checking this space for updated trends, products and what's in store related..."", 'al:ios:app_store_id': '284882215', 'twitter:image': 'https://lookaside.fbsbx.com/lookaside/crawler/media/?media_id=100053375679542', 'twitter:image:alt': 'Sana Safinaz', 'twitter:site': '@facebookapp', 'og:type': 'video.other', 'og:image:alt': 'Sana Safinaz', 'twitter:title': 'Sana Safinaz', 'al:ios:app_name': 'Facebook', 'og:title': 'Sana Safinaz', 'google': 'notranslate', 'al:android:url': 'fb://profile/100053375679542', 'referrer': 'origin-when-crossorigin', 'viewport': 'width=device-width, initial-scale=1', 'twitter:description': ""Sana Safinaz. 1,520,072 likes Â· 7,261 talking about this. Welcome to ''Sana Safinaz'' official Facebook page. Keep checking this space for updated trends, products and what's in store related..."", 'og:locale': 'en_US', 'fb-version': '414.0.0.0.75:2541', 'og:url': 'https://www.facebook.com/sanasafinazpage/', 'al:android:app_name': 'Facebook'}]",[{'src': 'https://lookaside.fbsbx.com/lookaside/crawler/media/?media_id=100053375679542'}],,"[{}, {}, {}]",,"width=device-width, initial-scale=1",,,,https://lookaside.fbsbx.com/lookaside/crawler/media/?media_id=100053375679542,#FFFFFF,video.other,Facebook,Sana Safinaz,com.facebook.katana,,fb://profile/100053375679542,,"Sana Safinaz. 1,520,072 likes Â· 7,261 talking about this. Welcome to ''Sana Safinaz'' official Facebook page. Keep checking this space for updated trends, products and what's in store related...",284882215,fb://profile/100053375679542,,,https://www.facebook.com/sanasafinazpage/,Facebook,"app-id=284882215, app-argument=fb://profile/100053375679542",summary,https://lookaside.fbsbx.com/lookaside/crawler/media/?media_id=100053375679542,Sana Safinaz,@facebookapp,Sana Safinaz,Sana Safinaz,notranslate,origin-when-crossorigin,"Sana Safinaz. 1,520,072 likes Â· 7,261 talking about this. Welcome to ''Sana Safinaz'' official Facebook page. Keep checking this space for updated trends, products and what's in store related...",en_US,414.0.0.0.75:2541,,,,,,,,,,,,,,,,,
pk,sana safinaz branch,10,All Sana Safinaz Branches in Lahore | Peekaboo Guru,"Active all Sana Safinaz branches in Lahore, Sana Safinaz is a leading Fashion Brand that offers a wide range of Designer Ready to wear, Formal,Â ...",peekaboo.guru,https://peekaboo.guru/lahore/detail/918/sana-safinaz/branches,2024-06-26 21:24:17.714730+00:00,102000,10,aiseoapp,65ad0787cb9c54f76,0.31,"102,000",https://peekaboo.guru/lahore/detail/918/sana-safinaz/branches,https://peekaboo.guru/lahore/detail/918/<b>sana</b>-<b>safinaz</b>/<b>branch</b>es,"Active all <b>Sana Safinaz branches</b> in Lahore, Sana Safinaz is a leading Fashion Brand that offers a wide range of Designer Ready to wear, Formal,&nbsp;...",All <b>Sana Safinaz Branches</b> in Lahore | Peekaboo Guru,utf8,customsearch#result,utf8,"{'cse_thumbnail': [{'src': 'https://encrypted-tbn0.gstatic.com/images?q=tbn:ANd9GcRrc7o7fkqpKy9aCBOnhA1EqlZVOTsVxbm3BFpX3Ui9ksOrevSelsQzw5s&s', 'width': '368', 'height': '137'}], 'metatags': [{'og:image': 'https://d2liqplnt17rh6.cloudfront.net/coverImages/Cover5_0074f9db-b6fc-4905-ac7d-f1810405d930-74.jpeg', 'theme-color': '#831300', 'copyright': 'Fetch Sky', 'og:type': 'website', 'twitter:card': 'summary_large_image', 'twitter:title': 'All Sana Safinaz Branches in Lahore | Peekaboo Guru', 'og:site_name': 'Peekaboo Guru', 'twitter:domain': 'Peekaboo Guru', 'og:title': 'All Sana Safinaz Branches in Lahore | Peekaboo Guru', 'apple-mobile-web-app-title': 'All Sana Safinaz Branches in Lahore | Peekaboo Guru', 'og:description': 'Active all Sana Safinaz branches in Lahore, Sana Safinaz is a leading Fashion Brand that offers a wide range of Designer Ready to wear, Formal, Casual and more.  | Peekaboo Guru', 'twitter:image': 'https://d2liqplnt17rh6.cloudfront.net/coverImages/Cover5_0074f9db-b6fc-4905-ac7d-f1810405d930-74.jpeg', 'fb:app_id': '486434531478750', 'twitter:site': '@peekabooguru', 'apple-mobile-web-app-status-bar-style': '#831300', 'viewport': 'width=device-width,initial-scale=1', 'twitter:description': 'Active all Sana Safinaz branches in Lahore, Sana Safinaz is a leading Fashion Brand that offers a wide range of Designer Ready to wear, Formal, Casual and more.  | Peekaboo Guru', 'apple-mobile-web-app-capable': 'yes', 'mobile-web-app-capable': 'yes', 'og:url': 'https://peekaboo.guru/lahore/detail/918/sana-safinaz/branches'}], 'cse_image': [{'src': 'https://d2liqplnt17rh6.cloudfront.net/coverImages/Cover5_0074f9db-b6fc-4905-ac7d-f1810405d930-74.jpeg'}]}",off,0.305004,1,"[{'src': 'https://encrypted-tbn0.gstatic.com/images?q=tbn:ANd9GcRrc7o7fkqpKy9aCBOnhA1EqlZVOTsVxbm3BFpX3Ui9ksOrevSelsQzw5s&s', 'width': '368', 'height': '137'}]","[{'og:image': 'https://d2liqplnt17rh6.cloudfront.net/coverImages/Cover5_0074f9db-b6fc-4905-ac7d-f1810405d930-74.jpeg', 'theme-color': '#831300', 'copyright': 'Fetch Sky', 'og:type': 'website', 'twitter:card': 'summary_large_image', 'twitter:title': 'All Sana Safinaz Branches in Lahore | Peekaboo Guru', 'og:site_name': 'Peekaboo Guru', 'twitter:domain': 'Peekaboo Guru', 'og:title': 'All Sana Safinaz Branches in Lahore | Peekaboo Guru', 'apple-mobile-web-app-title': 'All Sana Safinaz Branches in Lahore | Peekaboo Guru', 'og:description': 'Active all Sana Safinaz branches in Lahore, Sana Safinaz is a leading Fashion Brand that offers a wide range of Designer Ready to wear, Formal, Casual and more.  | Peekaboo Guru', 'twitter:image': 'https://d2liqplnt17rh6.cloudfront.net/coverImages/Cover5_0074f9db-b6fc-4905-ac7d-f1810405d930-74.jpeg', 'fb:app_id': '486434531478750', 'twitter:site': '@peekabooguru', 'apple-mobile-web-app-status-bar-style': '#831300', 'viewport': 'width=device-width,initial-scale=1', 'twitter:description': 'Active all Sana Safinaz branches in Lahore, Sana Safinaz is a leading Fashion Brand that offers a wide range of Designer Ready to wear, Formal, Casual and more.  | Peekaboo Guru', 'apple-mobile-web-app-capable': 'yes', 'mobile-web-app-capable': 'yes', 'og:url': 'https://peekaboo.guru/lahore/detail/918/sana-safinaz/branches'}]",[{'src': 'https://d2liqplnt17rh6.cloudfront.net/coverImages/Cover5_0074f9db-b6fc-4905-ac7d-f1810405d930-74.jpeg'}],,,,"width=device-width,initial-scale=1",,,,https://d2liqplnt17rh6.cloudfront.net/coverImages/Cover5_0074f9db-b6fc-4905-ac7d-f1810405d930-74.jpeg,#831300,website,,All Sana Safinaz Branches in Lahore | Peekaboo Guru,,,,,"Active all Sana Safinaz branches in Lahore, Sana Safinaz is a leading Fashion Brand that offers a wide range of Designer Ready to wear, Formal, Casual and more.  | Peekaboo Guru",,,#831300,yes,https://peekaboo.guru/lahore/detail/918/sana-safinaz/branches,,,summary_large_image,https://d2liqplnt17rh6.cloudfront.net/coverImages/Cover5_0074f9db-b6fc-4905-ac7d-f1810405d930-74.jpeg,,@peekabooguru,,All Sana Safinaz Branches in Lahore | Peekaboo Guru,,,"Active all Sana Safinaz branches in Lahore, Sana Safinaz is a leading Fashion Brand that offers a wide range of Designer Ready to wear, Formal, Casual and more.  | Peekaboo Guru",,,Peekaboo Guru,,All Sana Safinaz Branches in Lahore | Peekaboo Guru,,,,,,,,,,,Fetch Sky,Peekaboo Guru,486434531478750,yes
